Year,Mo,Dy,Name,Location,Country,Latitude,Longitude,Elevation (m),Type,VEI,Agent,Deaths,Death Description,Missing,Missing Description,Injuries,Injuries Description,Damage ($Mil),Damage Description,Houses Destroyed,Houses Destroyed Description,Total Deaths,Total Death Description,Total Missing,Total Missing Description,Total Injuries,Total Injuries Description,Total Damage ($Mil),Total Damage Description,Total Houses Destroyed,Total Houses Destroyed Description
1950.0,8.0,28.0,Semeru,Java,Indonesia,-8.107999999999999,112.92,3676.0,Stratovolcano,1.0,P,6.0,1.0,,,,,,,,,6.0,1.0,,,,,,,,
1950.0,9.0,15.0,Camiguin,Mindanao-Philippines,Philippines,9.203,124.67299999999999,1332.0,Stratovolcano,3.0,P,68.0,2.0,,,,,,,,,68.0,2.0,,,,,,,,
1950.0,9.0,23.0,Asama,Honshu-Japan,Japan,36.4,138.53,2560.0,Complex volcano,2.0,T,1.0,1.0,,,1.0,1.0,,,,1.0,1.0,1.0,,,1.0,1.0,,,,1.0
1951.0,1.0,21.0,Lamington,New Guinea,Papua New Guinea,-8.95,148.15,1680.0,Stratovolcano,4.0,P,2942.0,4.0,,,,2.0,,,,,2942.0,4.0,,,,2.0,,,,
1951.0,8.0,3.0,Cosiguina,Nicaragua,Nicaragua,12.98,-87.57,872.0,Stratovolcano,,,,,,,,,,,,,,,,,,,,3.0,,2.0
1951.0,8.0,31.0,Kelut,Java,Indonesia,-7.93,112.30799999999999,1731.0,Stratovolcano,3.0,,7.0,1.0,,,,,,,,,7.0,1.0,,,,,,,,
1951.0,11.0,5.0,Hakone,Honshu-Japan,Japan,35.22,139.02,1438.0,Complex volcano,,G,2.0,1.0,,,,,,,,,2.0,1.0,,,,,,,,
1951.0,12.0,4.0,Camiguin,Mindanao-Philippines,Philippines,9.203,124.67299999999999,1332.0,Stratovolcano,3.0,P,500.0,3.0,1500.0,4.0,,,,,,,500.0,3.0,1500.0,4.0,,,,,,
1951.0,,,Kavachi,Solomon Is-SW Pacifi,Solomon Is.,-9.02,157.95,-20.0,Submarine volcano,2.0,,,,,,,,,,,,,,,,,,,,,
1952.0,3.0,27.0,Hakone,Honshu-Japan,Japan,35.22,139.02,1438.0,Complex volcano,,G,1.0,1.0,,,,,,,,,1.0,1.0,,,,,,,,
1952.0,9.0,16.0,Myojun Knoll,Izu Is-Japan,Japan,32.1,139.85,360.0,Submarine volcano,2.0,,,,,,,,,,,,,,,,,,,,,
1952.0,9.0,23.0,Myojun Knoll,Izu Is-Japan,Japan,32.1,139.85,360.0,Submarine volcano,2.0,,,,,,,,,,,,,,,,,,,,,
1952.0,9.0,24.0,Myojun Knoll,Izu Is-Japan,Japan,32.1,139.85,360.0,Submarine volcano,2.0,P,31.0,1.0,,,,,,1.0,,,31.0,1.0,,,,,,1.0,,
1952.0,9.0,26.0,Myojun Knoll,Izu Is-Japan,Japan,32.1,139.85,360.0,Submarine volcano,2.0,,,,,,,,,,,,,,,,,,,,,
1952.0,,,Ambalatungan Group,Luzon-Philippines,Philippines,17.32,121.1,2329.0,Compound volcano,1.0,,12.0,1.0,,,,,,,,,12.0,1.0,,,,,,,,
1953.0,3.0,11.0,Myojun Knoll,Izu Is-Japan,Japan,32.1,139.85,360.0,Submarine volcano,2.0,,,,,,,,,,,,,,,,,,,,,
1953.0,3.0,23.0,Merapi,Java,Indonesia,-7.542000000000001,110.44200000000001,2947.0,Stratovolcano,3.0,P,64.0,2.0,,,57.0,2.0,,2.0,144.0,3.0,64.0,2.0,,,57.0,2.0,,2.0,144.0,3.0
1953.0,3.0,25.0,Myojun Knoll,Izu Is-Japan,Japan,32.1,139.85,360.0,Submarine volcano,2.0,,,,,,,,,,,,,,,,,,,,,
1953.0,4.0,27.0,Aso,Kyushu-Japan,Japan,32.88,131.1,1592.0,Caldera,2.0,T,6.0,1.0,,,,,,,,,6.0,1.0,,,,,,,,
1953.0,6.0,27.0,St. Andrew Strait,Admiralty Is-SW Paci,Papua New Guinea,-2.38,147.35,270.0,Complex volcano,0.0,,,,,,,,,,,,,,,,,,,1.0,,
1953.0,6.0,,Sirung,Lesser Sunda Is,Indonesia,-8.51,124.148,862.0,Complex volcano,0.0,,5.0,1.0,,,1.0,1.0,,,,,5.0,1.0,,,1.0,1.0,,,,
1953.0,7.0,26.0,Hakone,Honshu-Japan,Japan,35.22,139.02,1438.0,Complex volcano,,A,10.0,1.0,,,,,,,,,10.0,1.0,,,,,,,,
1953.0,10.0,5.0,Oshima,Izu Is-Japan,Japan,34.73,139.38,758.0,Stratovolcano,1.0,,1.0,1.0,,,,,,,,,1.0,1.0,,,,,,,,
1953.0,12.0,24.0,Ruapehu,New Zealand,New Zealand,-39.28,175.57,2797.0,Stratovolcano,,m,151.0,3.0,,,,,,,,,151.0,3.0,,,,,,,,
1954.0,2.0,,Stromboli,Italy,Italy,38.789,15.213,926.0,Stratovolcano,,,,,,,,,,,,,,,,,,,,,,
1954.0,7.0,21.0,Tate-yama,Honshu-Japan,Japan,36.57,137.6,2621.0,Stratovolcano,,G,1.0,1.0,,,,,,,,,1.0,1.0,,,,,,,,
1954.0,8.0,3.0,Bam,New Guinea-NE of,Papua New Guinea,-3.6,144.85,685.0,Stratovolcano,2.0,I,,,,,,2.0,,,,,25.0,1.0,,,,2.0,,,,
1954.0,,,Camiguin,Mindanao-Philippines,Philippines,9.203,124.67299999999999,1332.0,Stratovolcano,,m,2.0,1.0,,,,,,,,,2.0,1.0,,,,,,,,
1955.0,7.0,26.0,Carran-Los Venados,Chile-C,Chile,-40.35,-72.07,1114.0,Pyroclastic cone,4.0,G,2.0,1.0,,,,,,,,,2.0,1.0,,,,,,,,
1955.0,10.0,13.0,Sakura-jima,Kyushu-Japan,Japan,31.58,130.67,1117.0,Stratovolcano,3.0,,,1.0,,,,,,,,,,1.0,,,,,,,,
1956.0,3.0,30.0,Bezymianny,Kamchatka,Russia,55.978,160.58700000000002,2882.0,Stratovolcano,5.0,,,,,,,,,,,,,,,,,,,,,
1957.0,3.0,11.0,Vsevidof,Aleutian Is,United States,53.13,-168.68,2149.0,Stratovolcano,2.0,,,,,,,,,,,,,,,,,,,,,
1957.0,7.0,,Unzen,Kyushu-Japan,Japan,32.75,130.3,1500.0,Complex volcano,,m,13.0,1.0,,,,,,,,,13.0,1.0,,,,,,,,
1957.0,8.0,,Oshima,Izu Is-Japan,Japan,34.73,139.38,758.0,Stratovolcano,2.0,T,1.0,1.0,,,53.0,2.0,,,,,1.0,1.0,,,53.0,2.0,,,,
1957.0,10.0,,Aso,Kyushu-Japan,Japan,32.88,131.1,1592.0,Caldera,2.0,T,12.0,1.0,,,,,,,,,12.0,1.0,,,,,,,,
1958.0,7.0,12.0,Mahawu,Sulawesi-Indonesia,Indonesia,1.358,124.85799999999999,1324.0,Stratovolcano,2.0,M,1.0,1.0,,,10.0,1.0,,,,,1.0,1.0,,,10.0,1.0,,,,
1958.0,7.0,21.0,Daisetsu,Hokkaido-Japan,Japan,43.68,142.88,2290.0,Stratovolcano,,G,2.0,1.0,,,,,,,,,2.0,1.0,,,,,,,,
1958.0,10.0,7.0,Kuwae,Vanuatu-SW Pacific,Vanuatu,-16.829,168.53599999999997,-2.0,Caldera,2.0,,,,,,,,,,,,,,,,,,,,,
1960.0,5.0,25.0,Puyehue,Chile-C,Chile,-40.59,-72.117,2236.0,Stratovolcano,3.0,,,,,,,,,,,,,,,,,,,,,
1961.0,1.0,25.0,Calbuco,Chile-S,Chile,-41.326,-72.61399999999999,2003.0,Stratovolcano,3.0,,,,,,,,,1.0,,,,,,,,,,,,
1961.0,4.0,23.0,Tate-yama,Honshu-Japan,Japan,36.57,137.6,2621.0,Stratovolcano,,G,1.0,1.0,,,,,,,,,1.0,1.0,,,,,,,,
1961.0,5.0,8.0,Merapi,Java,Indonesia,-7.542000000000001,110.44200000000001,2947.0,Stratovolcano,3.0,P,6.0,1.0,,,6.0,1.0,,2.0,,3.0,6.0,1.0,,,6.0,1.0,,2.0,,3.0
1961.0,6.0,18.0,Daisetsu,Hokkaido-Japan,Japan,43.68,142.88,2290.0,Stratovolcano,,G,2.0,1.0,,,,,,,,,2.0,1.0,,,,,,,,
1961.0,8.0,18.0,Asama,Honshu-Japan,Japan,36.4,138.53,2560.0,Complex volcano,2.0,T,1.0,1.0,,,,,,,,,1.0,1.0,,,,,,,,
1962.0,6.0,29.0,Tokachi,Hokkaido-Japan,Japan,43.42,142.68,2077.0,Stratovolcano,3.0,T,5.0,1.0,,,11.0,1.0,,,,,5.0,1.0,,,11.0,1.0,,,,
1962.0,10.0,,Merapi,Java,Indonesia,-7.542000000000001,110.44200000000001,2947.0,Stratovolcano,,m,2.0,1.0,,,,,,,,,2.0,1.0,,,,,,,,
1962.0,12.0,31.0,Gamalama,Halmahera-Indonesia,Indonesia,0.8,127.325,1715.0,Stratovolcano,2.0,,5.0,1.0,,,5.0,1.0,,,,,5.0,1.0,,,5.0,1.0,,,,
1963.0,3.0,17.0,Irazu,Costa Rica,Costa Rica,9.979,-83.852,3432.0,Stratovolcano,3.0,T,15.0,1.0,,,,,,,,,15.0,1.0,,,,,,,,
1963.0,3.0,18.0,Agung,Lesser Sunda Is,Indonesia,-8.342,115.508,3142.0,Stratovolcano,5.0,"P,T,M,A",1028.0,4.0,,3.0,624.0,3.0,,,,,1028.0,4.0,,3.0,624.0,3.0,,,,
1963.0,5.0,5.0,Semeru,Java,Indonesia,-8.107999999999999,112.92,3676.0,Stratovolcano,2.0,T,1.0,1.0,,,,,,,,,1.0,1.0,,,,,,,,
1963.0,5.0,16.0,Agung,Lesser Sunda Is,Indonesia,-8.342,115.508,3142.0,Stratovolcano,3.0,,120.0,2.0,,,,,,,,,120.0,2.0,,,,,,,,
1963.0,5.0,21.0,Villarrica,Chile-C,Chile,-39.42,-71.93,2847.0,Stratovolcano,2.0,M,,1.0,,,,,,,,,,1.0,,,,,,,,
1963.0,9.0,5.0,Batur,Lesser Sunda Is,Indonesia,-8.242,115.375,1717.0,Caldera,2.0,,2.0,1.0,,,,,,,,1.0,2.0,1.0,,,,,,,,1.0
1963.0,9.0,28.0,Fuego,Guatemala,Guatemala,14.472999999999999,-90.88,3763.0,Stratovolcano,3.0,M,7.0,1.0,,,,,,,,,7.0,1.0,,,,,,,,
1963.0,12.0,10.0,Irazu,Costa Rica,Costa Rica,9.979,-83.852,3432.0,Stratovolcano,3.0,"M,T",40.0,1.0,,,,1.0,,2.0,400.0,3.0,40.0,1.0,,,,1.0,,2.0,400.0,3.0
1964.0,1.0,1.0,Paluweh,Lesser Sunda Is,Indonesia,-8.32,121.708,875.0,Stratovolcano,2.0,,1.0,1.0,,,3.0,1.0,,,,,1.0,1.0,,,3.0,1.0,,,,
1964.0,3.0,3.0,Villarrica,Chile-C,Chile,-39.42,-71.93,2847.0,Stratovolcano,2.0,M,25.0,1.0,,,,,,,,,25.0,1.0,,,,,,,,
1964.0,12.0,13.0,Dieng Volc Complex,Java,Indonesia,-7.2,109.92,2565.0,Complex volcano,1.0,,114.0,3.0,,,,,,,,,114.0,3.0,,,,,,,,
1965.0,9.0,28.0,Taal,Luzon-Philippines,Philippines,14.002,120.993,400.0,Stratovolcano,4.0,"P,W",355.0,3.0,,,,,,1.0,,1.0,355.0,3.0,,,,,,1.0,,1.0
1965.0,10.0,24.0,Kick-'em-Jenny,W Indies,Netherlands,12.3,-61.63,-177.0,Submarine volcano,0.0,,,,,,,,,,,,,,,,,,,,,
1966.0,1.0,13.0,Tinakula,Santa Cruz Is-SW Pac,Solomon Is.,-10.38,165.8,851.0,Stratovolcano,3.0,,,,,,,,,,,,,,,,,,,,,
1966.0,4.0,26.0,Kelut,Java,Indonesia,-7.93,112.30799999999999,1731.0,Stratovolcano,4.0,"M,m,P",215.0,3.0,78.0,2.0,86.0,2.0,,,,,215.0,3.0,78.0,2.0,86.0,2.0,,,,
1966.0,8.0,12.0,Awu,Sangihe Is-Indonesia,Indonesia,3.67,125.5,1320.0,Stratovolcano,4.0,"P,M,I",39.0,1.0,,,1000.0,3.0,,,,2.0,39.0,1.0,,,1000.0,3.0,,,,2.0
1966.0,8.0,14.0,"Lengai, Ol Doinyo",Africa-E,Tanzania,-2.7510000000000003,35.902,2890.0,Stratovolcano,4.0,,,,,,,,,1.0,,,,,,,,,,1.0,,
1967.0,7.0,8.0,"Lengai, Ol Doinyo",Africa-E,Tanzania,-2.7510000000000003,35.902,2890.0,Stratovolcano,3.0,,,,,,,,,1.0,,,,,,,,,,1.0,,
1967.0,8.0,31.0,Semeru,Java,Indonesia,-8.107999999999999,112.92,3676.0,Stratovolcano,3.0,M,3.0,1.0,,,,,,1.0,,,3.0,1.0,,,,,,1.0,,
1967.0,12.0,4.0,Deception Island,Antarctica,Antarctica,-62.97,-60.65,576.0,Caldera,3.0,,,,,,,,,,,,,,,,,,,,,
1968.0,4.0,21.0,Mayon,Luzon-Philippines,Philippines,13.257,123.685,2462.0,Stratovolcano,3.0,"M,P",6.0,1.0,,,,,,,,,6.0,1.0,,,,,,,,
1968.0,7.0,29.0,Arenal,Costa Rica,Costa Rica,10.463,-84.70299999999999,1657.0,Stratovolcano,3.0,"P,T",80.0,2.0,,,,,,,,,80.0,2.0,,,,,,,,
1969.0,1.0,7.0,Merapi,Java,Indonesia,-7.542000000000001,110.44200000000001,2947.0,Stratovolcano,2.0,P,3.0,1.0,,,,,,,,,3.0,1.0,,,,,,,,
1969.0,1.0,28.0,Iya,Lesser Sunda Is,Indonesia,-8.88,121.63,637.0,Stratovolcano,3.0,"T,m",2.0,1.0,,,10.0,1.0,,,287.0,3.0,2.0,1.0,,,10.0,1.0,,,287.0,3.0
1969.0,3.0,21.0,Didicas,Luzon-N of,Philippines,19.077,122.20200000000001,244.0,Compound volcano,2.0,W,,,,,,,,,,,3.0,1.0,,,,,,,,
1969.0,8.0,26.0,Narugo,Honshu-Japan,Japan,38.73,140.73,462.0,Caldera,,G,1.0,1.0,,,,,,,,,1.0,1.0,,,,,,,,
1970.0,3.0,2.0,Campi Flegrei,Italy,Italy,40.827,14.139000000000001,458.0,Caldera,,S,3.0,1.0,,,,,,1.0,,1.0,3.0,1.0,,,,,,1.0,,1.0
1970.0,5.0,5.0,Hekla,Iceland-S,Iceland,63.98,-19.7,1491.0,Stratovolcano,3.0,,,,,,,,,1.0,,,,,,,,,,1.0,,
1971.0,8.0,12.0,"Hudson, Cerro",Chile-S,Chile,-45.9,-72.97,1905.0,Stratovolcano,3.0,M,5.0,1.0,,,,,,,,,3.0,1.0,,,,,,,,
1971.0,9.0,6.0,Tinakula,Santa Cruz Is-SW Pac,Solomon Is.,-10.38,165.8,851.0,Stratovolcano,2.0,,,,,,,,,,,,,,,,,,,,,
1971.0,9.0,14.0,Fuego,Guatemala,Guatemala,14.472999999999999,-90.88,3763.0,Stratovolcano,3.0,"M,T",10.0,1.0,,,,,,,,,10.0,1.0,,,,,,,,
1971.0,10.0,26.0,La Palma,Canary Is,Spain,28.58,-17.83,2426.0,Stratovolcano,2.0,,,1.0,,,,,,1.0,,,,1.0,,,,,,1.0,,
1971.0,10.0,29.0,Villarrica,Chile-C,Chile,-39.42,-71.93,2847.0,Stratovolcano,2.0,M,15.0,1.0,,,,,,,,,15.0,1.0,,,,,,,,
1971.0,12.0,27.0,Kusatsu-Shirane,Honshu-Japan,Japan,36.62,138.55,2176.0,Stratovolcano,,G,6.0,1.0,,,,,,,,,6.0,1.0,,,,,,,,
1972.0,6.0,9.0,"Fournaise, Piton de la",Indian O-W,Reunion,-21.229,55.713,2631.0,Shield volcano,2.0,I,3.0,1.0,,,,,,,,,3.0,1.0,,,,,,,,
1972.0,10.0,2.0,Hakone,Honshu-Japan,Japan,35.22,139.02,1438.0,Complex volcano,,,2.0,1.0,,,,,,,,,2.0,1.0,,,,,,,,
1972.0,10.0,9.0,Ritter Island,New Guinea-NE of,Papua New Guinea,-5.52,148.121,140.0,Stratovolcano,1.0,,,,,,,,,,,,,,,,,,,,,
1973.0,1.0,27.0,Vestmannaeyjar,Iceland-S,Iceland,63.43,-20.28,279.0,Submarine volcano,3.0,G,1.0,1.0,,,,,,,,,1.0,1.0,,,,,,,,
1973.0,1.0,,Paluweh,Lesser Sunda Is,Indonesia,-8.32,121.708,875.0,Stratovolcano,3.0,,,,,,,,,1.0,,1.0,,,,,,,,1.0,,1.0
1973.0,4.0,5.0,"Hudson, Cerro",Chile-S,Chile,-45.9,-72.97,1905.0,Stratovolcano,,M,2.0,1.0,,,,,,1.0,,1.0,2.0,1.0,,,,,,1.0,,1.0
1973.0,12.0,,Iliwerung,Lesser Sunda Is,Indonesia,-8.54,123.59,1018.0,Complex volcano,2.0,W,,,,,,,,,,,2.0,1.0,,,,,,,,
1974.0,2.0,11.0,Karangetang [Api Siau],Sangihe Is-Indonesia,Indonesia,2.78,125.48,1784.0,Stratovolcano,3.0,A,4.0,1.0,,,,,,,,,4.0,1.0,,,,,,,,
1974.0,6.0,17.0,Sakura-jima,Kyushu-Japan,Japan,31.58,130.67,1117.0,Stratovolcano,3.0,M,3.0,1.0,,,,,,,,,3.0,1.0,,,,,,,,
1974.0,7.0,28.0,Niigata-Yake-yama,Honshu-Japan,Japan,36.92,138.03,2400.0,Lava dome,2.0,T,3.0,1.0,,,,,,,,,3.0,1.0,,,,,,,,
1974.0,8.0,9.0,Sakura-jima,Kyushu-Japan,Japan,31.58,130.67,1117.0,Stratovolcano,3.0,M,5.0,1.0,,,,,,,,,5.0,1.0,,,,,,,,
1974.0,10.0,10.0,Fuego,Guatemala,Guatemala,14.472999999999999,-90.88,3763.0,Stratovolcano,4.0,"T,M",,1.0,,,,,,2.0,,3.0,,1.0,,,,,,2.0,,3.0
1974.0,10.0,17.0,Ritter Island,New Guinea-NE of,Papua New Guinea,-5.52,148.121,140.0,Stratovolcano,1.0,,,,,,,,,,,,,,,,,,,,,
1974.0,10.0,22.0,Merapi,Java,Indonesia,-7.542000000000001,110.44200000000001,2947.0,Stratovolcano,2.0,M,9.0,1.0,,,,,,,6.0,1.0,9.0,1.0,,,,,,,6.0,1.0
1975.0,1.0,,Marapi,Sumatra,Indonesia,-0.381,100.473,2891.0,Complex volcano,2.0,M,80.0,2.0,,,,,,3.0,,3.0,80.0,2.0,,,,,,3.0,,3.0
1975.0,6.0,17.0,Arenal,Costa Rica,Costa Rica,10.463,-84.70299999999999,1657.0,Stratovolcano,3.0,,2.0,1.0,,,,1.0,,,,,2.0,1.0,,,,1.0,,,,
1975.0,11.0,29.0,Kilauea,Hawaiian Is,United States,19.425,-155.292,1222.0,Shield volcano,0.0,W,,,,,,,,,,,2.0,1.0,,,,1.0,4.0,2.0,,
1976.0,8.0,3.0,Kusatsu-Shirane,Honshu-Japan,Japan,36.62,138.55,2176.0,Stratovolcano,,G,3.0,1.0,,,,,,,,,3.0,1.0,,,,,,,,
1976.0,8.0,12.0,Sangay,Ecuador,Ecuador,-2.03,-78.33,5230.0,Stratovolcano,3.0,T,2.0,1.0,,,4.0,1.0,,,,,2.0,1.0,,,4.0,1.0,,,,
1976.0,8.0,31.0,Semeru,Java,Indonesia,-8.107999999999999,112.92,3676.0,Stratovolcano,2.0,M,119.0,3.0,,,,,,,,,119.0,3.0,,,,,,,,
1976.0,9.0,15.0,Karangetang [Api Siau],Sangihe Is-Indonesia,Indonesia,2.78,125.48,1784.0,Stratovolcano,2.0,P,1.0,1.0,,,1.0,1.0,,,24.0,1.0,1.0,1.0,,,1.0,1.0,,,24.0,1.0
1976.0,11.0,25.0,Merapi,Java,Indonesia,-7.542000000000001,110.44200000000001,2947.0,Stratovolcano,2.0,M,29.0,1.0,,,,,,,,,29.0,1.0,,,,,,,,
1977.0,1.0,10.0,Nyiragongo,Africa-C,"Congo, DRC",-1.52,29.25,3470.0,Stratovolcano,1.0,L,,2.0,,,,,,3.0,,,,2.0,,,,,,3.0,,
1977.0,4.0,5.0,Karthala,Indian O-W,Comoros,-11.75,43.38,2361.0,Shield volcano,0.0,,,1.0,,,,,,1.0,,,,1.0,,,,,,1.0,,
1977.0,4.0,27.0,Krafla,Iceland-NE,Iceland,65.73,-16.78,650.0,Caldera,1.0,,,,,,,,,1.0,,,,,,,,,,1.0,,
1977.0,8.0,2.0,Kliuchevskoi,Kamchatka,Russia,56.056999999999995,160.638,4835.0,Stratovolcano,3.0,T,1.0,1.0,,,,,,,,,1.0,1.0,,,,,,,,
1977.0,8.0,7.0,Usu,Hokkaido-Japan,Japan,42.53,140.83,731.0,Stratovolcano,3.0,I,3.0,1.0,,,,,,,,,3.0,1.0,,,,,,,,
1978.0,1.0,13.0,Usu,Hokkaido-Japan,Japan,42.53,140.83,731.0,Stratovolcano,3.0,m,3.0,1.0,,,2.0,1.0,,,,,3.0,1.0,,,2.0,1.0,,,,
1978.0,7.0,29.0,Bulusan,Luzon-Philippines,Philippines,12.77,124.05,1565.0,Stratovolcano,2.0,,,,,,,,,1.0,,,,,,,,,,1.0,,
1978.0,9.0,2.0,Santa Maria,Guatemala,Guatemala,14.755999999999998,-91.552,3772.0,Stratovolcano,3.0,M,1.0,1.0,,,,,,,,,1.0,1.0,,,,,,,,
1978.0,9.0,19.0,Semeru,Java,Indonesia,-8.107999999999999,112.92,3676.0,Stratovolcano,3.0,M,12.0,1.0,,,,,,,,,12.0,1.0,,,,,,,,
1978.0,,,Tangkubanparahu,Java,Indonesia,-6.77,107.6,2084.0,Stratovolcano,,I,3.0,1.0,,,,,,,,,3.0,1.0,,,,,,,,
1979.0,2.0,20.0,Dieng Volc Complex,Java,Indonesia,-7.2,109.92,2565.0,Complex volcano,1.0,G,149.0,3.0,,,,,,,,,149.0,3.0,,,,,,,,
1979.0,3.0,8.0,Karkar,New Guinea-NE of,Papua New Guinea,-4.649,145.964,1839.0,Stratovolcano,2.0,P,2.0,1.0,,,,,,,,,2.0,1.0,,,,,,,,
1979.0,4.0,13.0,Soufriere St. Vincent,W Indies,St. Vincent & the Grenadines,13.33,-61.18,1220.0,Stratovolcano,3.0,"T,P",2.0,1.0,,,,,,,,,2.0,1.0,,,,,,,,
1979.0,7.0,5.0,Etna,Italy,Italy,37.734,15.004000000000001,3350.0,Stratovolcano,2.0,T,9.0,1.0,,,23.0,1.0,,,,,9.0,1.0,,,23.0,1.0,,,,
1979.0,7.0,18.0,Iliwerung,Lesser Sunda Is,Indonesia,-8.54,123.59,1018.0,Complex volcano,,W,,,,,,,,,,,1239.0,4.0,,,32.0,1.0,,3.0,,3.0
1979.0,9.0,6.0,Aso,Kyushu-Japan,Japan,32.88,131.1,1592.0,Caldera,2.0,T,3.0,1.0,,,11.0,1.0,,,,,3.0,1.0,,,11.0,1.0,,,,
1980.0,5.0,18.0,St. Helens,US-Washington,United States,46.2,-122.18,2549.0,Stratovolcano,5.0,"P,M,T",57.0,2.0,,,,,2000.0,4.0,,,61.0,2.0,,,,,2000.0,4.0,,
1980.0,8.0,17.0,Hekla,Iceland-S,Iceland,63.98,-19.7,1491.0,Stratovolcano,3.0,,,,,,,,,1.0,,,,,,,,,,1.0,,
1980.0,12.0,25.0,Hood,US-Oregon,United States,45.373999999999995,-121.694,3426.0,Stratovolcano,,m,1.0,1.0,,,,,,,,,1.0,1.0,,,,,,,,
1981.0,3.0,17.0,Etna,Italy,Italy,37.734,15.004000000000001,3350.0,Stratovolcano,2.0,,,,,,,,10.0,3.0,,,,,,,,,,,,
1981.0,3.0,29.0,Semeru,Java,Indonesia,-8.107999999999999,112.92,3676.0,Stratovolcano,3.0,P,1.0,1.0,,,,,,,,,1.0,1.0,,,,,,,,
1981.0,4.0,27.0,Alaid,Kuril Is,Russia,50.858000000000004,155.55,2339.0,Stratovolcano,2.0,,,,,,,,,1.0,,,,,,,,,,1.0,,
1981.0,5.0,14.0,Semeru,Java,Indonesia,-8.107999999999999,112.92,3676.0,Stratovolcano,3.0,m,372.0,3.0,120.0,3.0,152.0,3.0,,,,,372.0,3.0,120.0,3.0,152.0,3.0,,,,
1981.0,6.0,30.0,Mayon,Luzon-Philippines,Philippines,13.257,123.685,2462.0,Stratovolcano,,m,200.0,3.0,,,,,,,,,200.0,3.0,,,,,,,,
1981.0,9.0,5.0,Paluweh,Lesser Sunda Is,Indonesia,-8.32,121.708,875.0,Stratovolcano,2.0,P,,,,,,,,1.0,,1.0,,,,,,,,1.0,,1.0
1981.0,10.0,20.0,Krakatau,Indonesia,Indonesia,-6.102,105.42299999999999,813.0,Caldera,1.0,"A,T,W",,,,,,,,,,,,,,,,,,,,
1981.0,,,Vilyuchik,Kamchatka,Russia,52.68,158.3,2173.0,Stratovolcano,,A,,1.0,,,,,,,,,,1.0,,,,,,,,
1982.0,3.0,29.0,"Chichon, El",Mexico,Mexico,17.36,-93.228,1150.0,Tuff cone,5.0,"P,T,M,S",1879.0,4.0,1755.0,4.0,,,3.3,2.0,,,1879.0,4.0,1755.0,4.0,,,3.3,2.0,,
1982.0,4.0,4.0,"Chichon, El",Mexico,Mexico,17.36,-93.228,1150.0,Tuff cone,5.0,P,33.0,1.0,,,,,,,,,33.0,1.0,,,,,,,,
1982.0,5.0,17.0,Galunggung,Java,Indonesia,-7.25,108.05,2168.0,Stratovolcano,4.0,"I,T",68.0,2.0,,,,,15.0,3.0,,,68.0,2.0,,,,,15.0,3.0,,
1982.0,5.0,27.0,"Chichon, El",Mexico,Mexico,17.36,-93.228,1150.0,Tuff cone,5.0,m,1.0,1.0,,,,,,,,,1.0,1.0,,,,,,,,
1983.0,3.0,8.0,Kliuchevskoi,Kamchatka,Russia,56.056999999999995,160.638,4835.0,Stratovolcano,2.0,T,1.0,1.0,,,,,,,,,1.0,1.0,,,,,,,,
1983.0,7.0,23.0,Colo [Una Una],Sulawesi-Indonesia,Indonesia,-0.17,121.60799999999999,507.0,Stratovolcano,4.0,,,,,,,,,2.0,,3.0,,,,,,,,2.0,,3.0
1983.0,8.0,17.0,Iliwerung,Lesser Sunda Is,Indonesia,-8.54,123.59,1018.0,Complex volcano,1.0,W,,,,,,,,,,,,,,,,,,,,
1983.0,10.0,3.0,Miyake-jima,Izu Is-Japan,Japan,34.08,139.53,815.0,Stratovolcano,3.0,,,,,,,,,1.0,,,,,,,,,,2.0,,
1984.0,8.0,15.0,Oku Volc Field,Africa-W,Cameroon,6.25,10.5,3011.0,Maar,,G,37.0,1.0,,,,,,,,,37.0,1.0,,,,,,,,
1984.0,9.0,9.0,Mayon,Luzon-Philippines,Philippines,13.257,123.685,2462.0,Stratovolcano,3.0,M,1.0,1.0,,,,,,,,,1.0,1.0,,,,,,,,
1984.0,9.0,14.0,On-take,Honshu-Japan,Japan,35.9,137.48,3063.0,Complex volcano,,A,29.0,1.0,,,,,,,,,29.0,1.0,,,,,,,,
1984.0,10.0,16.0,Etna,Italy,Italy,37.734,15.004000000000001,3350.0,Stratovolcano,3.0,S,1.0,1.0,,,,,,,,,1.0,1.0,,,,,,,,
1985.0,5.0,10.0,Semeru,Java,Indonesia,-8.107999999999999,112.92,3676.0,Stratovolcano,3.0,A,70.0,2.0,,,,,,,,,70.0,2.0,,,,,,,,
1985.0,11.0,13.0,Ruiz,Colombia,Colombia,4.895,-75.322,5321.0,Stratovolcano,3.0,M,23080.0,4.0,,,10000.0,4.0,,,,,23080.0,4.0,,,10000.0,4.0,,,,
1985.0,12.0,19.0,Etna,Italy,Italy,37.734,15.004000000000001,3350.0,Stratovolcano,1.0,S,1.0,1.0,,,,,,,,,1.0,1.0,,,,,,,,
1986.0,5.0,8.0,Akita-Yake-yama,Honshu-Japan,Japan,39.97,140.77,1366.0,Complex volcano,,G,1.0,1.0,,,,,,,,,1.0,1.0,,,,,,,,
1986.0,7.0,24.0,Stromboli,Italy,Italy,38.789,15.213,926.0,Stratovolcano,2.0,T,1.0,1.0,,,,,,,,,1.0,1.0,,,,,,,,
1986.0,8.0,21.0,Oku Volc Field,Africa-W,Cameroon,6.25,10.5,3011.0,Maar,3.0,G,1700.0,4.0,,,300.0,3.0,,,,,1700.0,4.0,,,300.0,3.0,,,,
1986.0,10.0,15.0,Merapi,Java,Indonesia,-7.542000000000001,110.44200000000001,2947.0,Stratovolcano,2.0,M,1.0,1.0,,,,,,,,,1.0,1.0,,,,,,,,
1986.0,11.0,15.0,Oshima,Izu Is-Japan,Japan,34.73,139.38,758.0,Stratovolcano,3.0,I,1.0,1.0,,,,,,,,,1.0,1.0,,,,,,,,
1987.0,1.0,25.0,Pacaya,Guatemala,Guatemala,14.380999999999998,-90.601,2552.0,Complex volcano,3.0,,,,,,15.0,1.0,,1.0,63.0,2.0,,,,,15.0,1.0,,1.0,63.0,2.0
1987.0,4.0,17.0,Etna,Italy,Italy,37.734,15.004000000000001,3350.0,Stratovolcano,2.0,T,2.0,1.0,,,7.0,1.0,,,,,2.0,1.0,,,7.0,1.0,,,,
1987.0,12.0,1.0,Sirung,Lesser Sunda Is,Indonesia,-8.51,124.148,862.0,Complex volcano,,,,,,,,,,,,,125.0,3.0,,,,3.0,5.0,3.0,237.0,3.0
1988.0,5.0,9.0,Banda Api,Banda Sea,Pacific Ocean,-4.525,129.871,640.0,Caldera,3.0,"T,L",4.0,1.0,,,,,,,,,4.0,1.0,,,,,,,,
1988.0,7.0,6.0,Arenal,Costa Rica,Costa Rica,10.463,-84.70299999999999,1657.0,Stratovolcano,3.0,T,1.0,1.0,,,,,,,,,1.0,1.0,,,,,,,,
1988.0,7.0,30.0,Semeru,Java,Indonesia,-8.107999999999999,112.92,3676.0,Stratovolcano,3.0,T,1.0,1.0,,,,,,,,,1.0,1.0,,,,,,,,
1988.0,12.0,25.0,Lonquimay,Chile-C,Chile,-38.376999999999995,-71.58,2865.0,Stratovolcano,3.0,T,1.0,1.0,,,,,,,,,1.0,1.0,,,,,,,,
1988.0,,,Akita-Yake-yama,Honshu-Japan,Japan,39.97,140.77,1366.0,Complex volcano,,I,3.0,1.0,,,,,,,,,3.0,1.0,,,,,,,,
1989.0,2.0,12.0,Aso,Kyushu-Japan,Japan,32.88,131.1,1592.0,Caldera,,G,1.0,1.0,,,,,,,,,1.0,1.0,,,,,,,,
1989.0,8.0,26.0,Kirishima,Kyushu-Japan,Japan,31.93,130.87,1700.0,Shield volcano,,G,2.0,1.0,,,,,,,,,2.0,1.0,,,,,,,,
1990.0,2.0,2.0,Shiveluch,Kamchatka,Russia,56.653,161.36,3283.0,Stratovolcano,3.0,,,,,,,,,1.0,,,,,,,,,,1.0,,
1990.0,2.0,10.0,Kelut,Java,Indonesia,-7.93,112.30799999999999,1731.0,Stratovolcano,4.0,"T,P",32.0,1.0,,,,,,,,,32.0,1.0,,,,,,,,
1990.0,3.0,26.0,Aso,Kyushu-Japan,Japan,32.88,131.1,1592.0,Caldera,2.0,G,1.0,1.0,,,,,,,,,1.0,1.0,,,,,,,,
1990.0,4.0,18.0,Aso,Kyushu-Japan,Japan,32.88,131.1,1592.0,Caldera,2.0,G,1.0,1.0,,,,,,,,,1.0,1.0,,,,,,,,
1990.0,5.0,29.0,Sabancaya,Peru,Peru,-15.78,-71.85,5967.0,Stratovolcano,3.0,,,,,,,,,1.0,,,,,,,,,,1.0,,
1990.0,6.0,24.0,Rabaul,New Britain-SW Pac,Papua New Guinea,-4.271,152.203,688.0,Pyroclastic shield,,G,6.0,1.0,,,,,,,,,6.0,1.0,,,,,,,,
1990.0,7.0,19.0,Santa Maria,Guatemala,Guatemala,14.755999999999998,-91.552,3772.0,Stratovolcano,3.0,T,4.0,1.0,,,,,,,,,4.0,1.0,,,,,,,,
1990.0,10.0,19.0,Aso,Kyushu-Japan,Japan,32.88,131.1,1592.0,Caldera,2.0,G,1.0,1.0,,,,,,,,,1.0,1.0,,,,,,,,
1990.0,11.0,21.0,Nyiragongo,Africa-C,"Congo, DRC",-1.52,29.25,3470.0,Stratovolcano,,S,1.0,1.0,,,,,,,,,1.0,1.0,,,,,,,,
1990.0,11.0,25.0,Kelut,Java,Indonesia,-7.93,112.30799999999999,1731.0,Stratovolcano,,m,4.0,1.0,,,,,,,,,4.0,1.0,,,,,,,,
1991.0,6.0,3.0,Unzen,Kyushu-Japan,Japan,32.75,130.3,1500.0,Complex volcano,1.0,P,43.0,1.0,,,,,,,,,43.0,1.0,,,,,,,,
1991.0,6.0,15.0,Pinatubo,Luzon-Philippines,Philippines,15.13,120.35,1486.0,Stratovolcano,6.0,"P,m,I",350.0,3.0,,,4.0,1.0,,3.0,,,800.0,3.0,,,4.0,1.0,,3.0,,
1991.0,6.0,,Mutnovsky,Kamchatka,Russia,52.453,158.195,2322.0,Complex volcano,,I,1.0,1.0,,,,,,,,,1.0,1.0,,,,,,,,
1991.0,7.0,3.0,Karthala,Indian O-W,Comoros,-11.75,43.38,2361.0,Shield volcano,2.0,,,,,,,,,1.0,,,,,,,,,,1.0,,
1991.0,8.0,8.0,"Hudson, Cerro",Chile-S,Chile,-45.9,-72.97,1905.0,Stratovolcano,5.0,,,,,,,,,1.0,,,,,,,,,,1.0,,
1991.0,10.0,24.0,Lokon-Empung,Sulawesi-Indonesia,Indonesia,1.358,124.792,1580.0,Stratovolcano,1.0,"T,P",1.0,1.0,,,,,,,,,1.0,1.0,,,,,,,,
1991.0,12.0,14.0,Etna,Italy,Italy,37.734,15.004000000000001,3350.0,Stratovolcano,2.0,,,,,,,,2.5,2.0,,,,,,,,,2.5,2.0,,
1992.0,1.0,21.0,Karangetang [Api Siau],Sangihe Is-Indonesia,Indonesia,2.78,125.48,1784.0,Stratovolcano,2.0,M,2.0,1.0,,,,,,,,,2.0,1.0,,,,,,,,
1992.0,3.0,18.0,Dieng Volc Complex,Java,Indonesia,-7.2,109.92,2565.0,Complex volcano,,G,1.0,1.0,,,2.0,1.0,,,,,1.0,1.0,,,2.0,1.0,,,,
1992.0,4.0,10.0,"Negro, Cerro",Nicaragua,Nicaragua,12.505999999999998,-86.70200000000001,728.0,Cinder cone,3.0,"T,I",11.0,1.0,,,50.0,1.0,3.0,2.0,,1.0,11.0,1.0,,,50.0,1.0,3.0,2.0,,1.0
1992.0,5.0,11.0,Karangetang [Api Siau],Sangihe Is-Indonesia,Indonesia,2.78,125.48,1784.0,Stratovolcano,1.0,P,6.0,1.0,,,1.0,1.0,,,,,6.0,1.0,,,1.0,1.0,,,,
1992.0,7.0,5.0,Marapi,Sumatra,Indonesia,-0.381,100.473,2891.0,Complex volcano,2.0,T,1.0,1.0,,,5.0,1.0,,,,,1.0,1.0,,,5.0,1.0,,,,
1992.0,7.0,12.0,Pinatubo,Luzon-Philippines,Philippines,15.13,120.35,1486.0,Stratovolcano,1.0,m,6.0,1.0,,,,,,,,,6.0,1.0,,,,,,,,
1992.0,9.0,17.0,Spurr,Alaska-SW,United States,61.3,-152.25,3374.0,Stratovolcano,4.0,I,1.0,1.0,,,,,2.0,2.0,,,1.0,1.0,,,,,2.0,2.0,,
1992.0,,,Semeru,Java,Indonesia,-8.107999999999999,112.92,3676.0,Stratovolcano,3.0,T,3.0,1.0,,,,,,,,,3.0,1.0,,,,,,,,
1993.0,1.0,14.0,Galeras,Colombia,Colombia,1.22,-77.37,4276.0,Complex volcano,2.0,T,9.0,1.0,,,,,,,,,9.0,1.0,,,,,,,,
1993.0,1.0,21.0,Wurlali,Banda Sea,Indonesia,-7.125,128.675,868.0,Stratovolcano,,m,1.0,1.0,,,12.0,1.0,,,,,1.0,1.0,,,12.0,1.0,,,,
1993.0,2.0,2.0,Mayon,Luzon-Philippines,Philippines,13.257,123.685,2462.0,Stratovolcano,2.0,P,75.0,2.0,,,,,,,,,75.0,2.0,,,,,,,,
1993.0,3.0,12.0,Guagua Pichincha,Ecuador,Ecuador,-0.171,-78.598,4784.0,Stratovolcano,1.0,T,2.0,1.0,,,,,,,,,2.0,1.0,,,,,,,,
1993.0,4.0,19.0,Kilauea,Hawaiian Is,United States,19.425,-155.292,1222.0,Shield volcano,,A,1.0,1.0,,,22.0,1.0,,,,,1.0,1.0,,,22.0,1.0,,,,
1993.0,6.0,13.0,Krakatau,Indonesia,Indonesia,-6.102,105.42299999999999,813.0,Caldera,1.0,T,1.0,1.0,,,5.0,1.0,,,,,1.0,1.0,,,5.0,1.0,,,,
1993.0,6.0,23.0,Unzen,Kyushu-Japan,Japan,32.75,130.3,1500.0,Complex volcano,1.0,P,1.0,1.0,,,,,,,,1.0,1.0,1.0,,,,,,,,1.0
1993.0,6.0,26.0,Pinatubo,Luzon-Philippines,Philippines,15.13,120.35,1486.0,Stratovolcano,1.0,m,4.0,1.0,,,,,,,,,4.0,1.0,,,,,,,,
1993.0,10.0,4.0,Pinatubo,Luzon-Philippines,Philippines,15.13,120.35,1486.0,Stratovolcano,,m,14.0,1.0,,,,,,,,,14.0,1.0,,,,,,,,
1994.0,1.0,15.0,Yasur,Vanuatu-SW Pacific,Vanuatu,-19.52,169.425,361.0,Stratovolcano,3.0,T,1.0,1.0,,,,,,,,,1.0,1.0,,,,,,,,
1994.0,2.0,3.0,Semeru,Java,Indonesia,-8.107999999999999,112.92,3676.0,Stratovolcano,3.0,P,6.0,1.0,,,,,,,,,6.0,1.0,,,,,,,,
1994.0,5.0,29.0,Aso,Kyushu-Japan,Japan,32.88,131.1,1592.0,Caldera,1.0,G,1.0,1.0,,,,,,,,,1.0,1.0,,,,,,,,
1994.0,6.0,6.0,Huila,Colombia,Colombia,2.92,-76.05,5365.0,Stratovolcano,,m,,,,,,,,,,,650.0,3.0,,,,,2.4,2.0,200.0,3.0
1994.0,9.0,19.0,Rabaul,New Britain-SW Pac,Papua New Guinea,-4.271,152.203,688.0,Pyroclastic shield,3.0,T,4.0,1.0,,,,,86.0,4.0,,,4.0,1.0,,,,,86.0,4.0,,1.0
1994.0,11.0,3.0,Rinjani,Lesser Sunda Is,Indonesia,-8.42,116.47,3726.0,Stratovolcano,3.0,m,31.0,1.0,,,,,,,,,31.0,1.0,,,,,,,,
1994.0,11.0,22.0,Merapi,Java,Indonesia,-7.542000000000001,110.44200000000001,2947.0,Stratovolcano,3.0,,60.0,2.0,,,,,,,,,60.0,2.0,,,,,,,,
1995.0,2.0,4.0,Yasur,Vanuatu-SW Pacific,Vanuatu,-19.52,169.425,361.0,Stratovolcano,3.0,T,2.0,1.0,,,,,,,,,2.0,1.0,,,,,,,,
1995.0,2.0,11.0,Yake-dake,Honshu-Japan,Japan,36.22,137.58,2455.0,Stratovolcano,1.0,T,4.0,1.0,,,,,,,,,4.0,1.0,,,,,,,,
1995.0,4.0,2.0,Fogo,Cape Verde Is,Cape Verde,14.95,-24.35,2829.0,Stratovolcano,2.0,,,,,,20.0,1.0,,1.0,10.0,1.0,,,,,20.0,1.0,,1.0,10.0,1.0
1995.0,4.0,7.0,Pacaya,Guatemala,Guatemala,14.380999999999998,-90.601,2552.0,Complex volcano,3.0,M,1.0,1.0,,,,,,1.0,1.0,1.0,1.0,1.0,,,,,,1.0,1.0,1.0
1995.0,5.0,15.0,Kelimutu,Lesser Sunda Is,Indonesia,-8.758,121.83,1640.0,Complex volcano,,,1.0,1.0,,,,,,,,,1.0,1.0,,,,,,,,
1995.0,9.0,6.0,Parker,Mindanao-Philippines,Philippines,6.12,124.89200000000001,1824.0,Stratovolcano,,,60.0,2.0,,,,,,2.0,300.0,3.0,60.0,2.0,,,,,,2.0,300.0,3.0
1996.0,1.0,2.0,Karymsky,Kamchatka,Russia,54.05,159.43,1536.0,Stratovolcano,2.0,,,,,,,,,,,,,,,,,,,,,
1996.0,4.0,30.0,Popocatepetl,Mexico,Mexico,19.023,-98.62200000000001,5426.0,Stratovolcano,3.0,,5.0,1.0,,,,,,1.0,,,5.0,1.0,,,,,,1.0,,
1996.0,8.0,10.0,Kanlaon,Philippines-C,Philippines,10.412,123.132,2435.0,Stratovolcano,2.0,T,3.0,1.0,,,18.0,1.0,,,,,3.0,1.0,,,18.0,1.0,,,,
1996.0,9.0,27.0,Maderas,Nicaragua,Nicaragua,11.446,-85.515,1394.0,Stratovolcano,,m,6.0,1.0,,,,1.0,,,,,6.0,1.0,,,,1.0,,,,
1996.0,9.0,30.0,Grimsvotn,Iceland-NE,Iceland,64.42,-17.33,1725.0,Caldera,3.0,,,,,,,,,1.0,,,,,,,,,,1.0,,
1996.0,12.0,3.0,Manam,New Guinea-NE of,Papua New Guinea,-4.1,145.061,1807.0,Stratovolcano,3.0,P,13.0,1.0,,,29.0,1.0,,,,,13.0,1.0,,,29.0,1.0,,,,
1997.0,1.0,14.0,Merapi,Java,Indonesia,-7.542000000000001,110.44200000000001,2947.0,Stratovolcano,2.0,,6.0,1.0,,,,1.0,,,,,6.0,1.0,,,,1.0,,,,
1997.0,4.0,17.0,Karangetang [Api Siau],Sangihe Is-Indonesia,Indonesia,2.78,125.48,1784.0,Stratovolcano,1.0,P,3.0,1.0,,,,,,,,,3.0,1.0,,,,,,,,
1997.0,6.0,25.0,Soufriere Hills,W Indies,Montserrat,16.72,-62.18,915.0,Stratovolcano,3.0,P,22.0,1.0,1.0,,,,,,,,22.0,1.0,,,,,,,,
1997.0,7.0,12.0,Hakkoda Group,Honshu-Japan,Japan,40.65,140.88,1585.0,Stratovolcano,,G,3.0,1.0,,,,,,,,,3.0,1.0,,,,,,,,
1997.0,8.0,1.0,Soufriere Hills,W Indies,Montserrat,16.72,-62.18,915.0,Stratovolcano,3.0,,2.0,1.0,,,,,,,,,2.0,1.0,,,,,,,,
1997.0,9.0,2.0,Semeru,Java,Indonesia,-8.107999999999999,112.92,3676.0,Stratovolcano,3.0,T,2.0,1.0,,,,,,,,,2.0,1.0,,,,,,,,
1997.0,9.0,15.0,Adatara,Honshu-Japan,Japan,37.62,140.28,1718.0,Stratovolcano,,G,4.0,1.0,,,,,,,,,4.0,1.0,,,,,,,,
1997.0,11.0,23.0,Aso,Kyushu-Japan,Japan,32.88,131.1,1592.0,Caldera,,G,2.0,1.0,,,,,,,,,2.0,1.0,,,,,,,,
1997.0,12.0,26.0,Soufriere Hills,W Indies,Montserrat,16.72,-62.18,915.0,Stratovolcano,,,,,,,,,,,,,,,,,,,,,,
1998.0,4.0,28.0,Kilauea,Hawaiian Is,United States,19.425,-155.292,1222.0,Shield volcano,,L,1.0,1.0,,,,,,,,,,,,,,,,,,
1998.0,7.0,,Kelut,Java,Indonesia,-7.93,112.30799999999999,1731.0,Stratovolcano,,m,10.0,1.0,,,,,,,,,10.0,1.0,,,,,,,,
1998.0,10.0,30.0,San Cristobal,Nicaragua,Nicaragua,12.702,-87.00399999999999,1745.0,Stratovolcano,,m,1620.0,4.0,,,,,,,,,1620.0,4.0,,,,,,,,
1999.0,1.0,20.0,Soufriere Hills,W Indies,Montserrat,16.72,-62.18,915.0,Stratovolcano,3.0,,,,,,,,,,,,,,,,,,,,,
1999.0,5.0,21.0,Fuego,Guatemala,Guatemala,14.472999999999999,-90.88,3763.0,Stratovolcano,2.0,,,,,,,,,,,,,,,,,,,,,
1999.0,8.0,15.0,Shiveluch,Kamchatka,Russia,56.653,161.36,3283.0,Stratovolcano,4.0,,,,,,,,,1.0,,,,,,,,,,,,
1999.0,10.0,5.0,Guagua Pichincha,Ecuador,Ecuador,-0.171,-78.598,4784.0,Stratovolcano,3.0,T,2.0,1.0,,,,,,,,,2.0,1.0,,,,,,,,
1999.0,10.0,16.0,Tungurahua,Ecuador,Ecuador,-1.4669999999999999,-78.442,5023.0,Stratovolcano,3.0,T,1.0,1.0,,,4.0,1.0,,,,,1.0,1.0,,,4.0,1.0,,,,
2000.0,6.0,27.0,Miyake-jima,Izu Is-Japan,Japan,34.08,139.53,815.0,Stratovolcano,2.0,,,,,,,,,1.0,,,1.0,1.0,,,,3.0,,1.0,,
2000.0,7.0,27.0,Semeru,Java,Indonesia,-8.107999999999999,112.92,3676.0,Stratovolcano,3.0,T,2.0,1.0,,,,,,,,,2.0,1.0,,,,,,,,
2000.0,8.0,23.0,Arenal,Costa Rica,Costa Rica,10.463,-84.70299999999999,1657.0,Stratovolcano,3.0,P,2.0,1.0,,,1.0,1.0,,,,,2.0,1.0,,,1.0,1.0,,,,
2000.0,11.0,3.0,Kilauea,Hawaiian Is,United States,19.425,-155.292,1222.0,Shield volcano,,G,2.0,1.0,,,,,,,,,2.0,1.0,,,,,,,,
2000.0,11.0,,Merapi,Java,Indonesia,-7.542000000000001,110.44200000000001,2947.0,Stratovolcano,2.0,A,1.0,1.0,,,,,,,,,1.0,1.0,,,,,,,,
2001.0,5.0,14.0,Etna,Italy,Italy,37.734,15.004000000000001,3350.0,Stratovolcano,3.0,,1.0,1.0,,,,,,1.0,,,1.0,1.0,,,,,,1.0,,
2001.0,7.0,26.0,Etna,Italy,Italy,37.734,15.004000000000001,3350.0,Stratovolcano,2.0,,,,,,,,,1.0,,1.0,,,,,,,,1.0,,1.0
2001.0,8.0,5.0,Merapi,Java,Indonesia,-7.542000000000001,110.44200000000001,2947.0,Stratovolcano,2.0,P,2.0,1.0,,,,,,,,,2.0,1.0,,,,,,,,
2001.0,10.0,20.0,Stromboli,Italy,Italy,38.789,15.213,926.0,Stratovolcano,2.0,T,1.0,1.0,,,,,,,,,1.0,1.0,,,,,,,,
2002.0,1.0,3.0,Karangetang [Api Siau],Sangihe Is-Indonesia,Indonesia,2.78,125.48,1784.0,Stratovolcano,3.0,M,,,,,,,,1.0,,1.0,,,,,,,,1.0,,1.0
2002.0,1.0,17.0,Nyiragongo,Africa-C,"Congo, DRC",-1.52,29.25,3470.0,Stratovolcano,1.0,,100.0,2.0,,,400.0,3.0,,3.0,,3.0,100.0,2.0,,,,3.0,,3.0,,3.0
2002.0,8.0,28.0,Etna,Italy,Italy,37.734,15.004000000000001,3350.0,Stratovolcano,3.0,,,,,,32.0,1.0,,2.0,,2.0,,,,,32.0,1.0,,2.0,,2.0
2002.0,11.0,3.0,Reventador,Ecuador,Ecuador,-0.078,-77.656,3562.0,Stratovolcano,4.0,I,,1.0,,,,1.0,,1.0,,1.0,,1.0,,,,1.0,,1.0,,1.0
2002.0,12.0,30.0,Stromboli,Italy,Italy,38.789,15.213,926.0,Stratovolcano,,,,,,,,1.0,,1.0,,1.0,,,,,,1.0,,1.0,,1.0
2002.0,,,Semeru,Java,Indonesia,-8.107999999999999,112.92,3676.0,Stratovolcano,3.0,T,3.0,1.0,,,,,,,,,3.0,1.0,,,,,,,,
2003.0,7.0,12.0,Soufriere Hills,W Indies,Montserrat,16.72,-62.18,915.0,Stratovolcano,3.0,,,,,,,,,,,,,,,,,,,,,
2004.0,1.0,29.0,Egon,Lesser Sunda Is,Indonesia,-8.67,122.45,1703.0,Stratovolcano,1.0,T,1.0,1.0,,,,,,,,,1.0,1.0,,,,,,,,
2004.0,6.0,8.0,Tengger Caldera,Java,Indonesia,-7.942,112.95,2329.0,Stratovolcano,2.0,T,2.0,1.0,,,5.0,1.0,,,,,,,,,,,,,,
2004.0,10.0,24.0,Manam,New Guinea-NE of,Papua New Guinea,-4.1,145.061,1807.0,Stratovolcano,4.0,T,5.0,1.0,,,,,,,,,5.0,1.0,,,,,,,,
2005.0,1.0,27.0,Manam,New Guinea-NE of,Papua New Guinea,-4.1,145.061,1807.0,Stratovolcano,4.0,T,1.0,1.0,,,14.0,1.0,,,,,1.0,1.0,,,14.0,1.0,,,,
2005.0,10.0,1.0,Santa Ana,El Salvador,El Salvador,13.853,-89.63,2365.0,Stratovolcano,3.0,A,2.0,1.0,,,,1.0,,,,,2.0,1.0,,,,1.0,,,,
2005.0,11.0,24.0,Karthala,Indian O-W,Comoros,-11.75,43.38,2361.0,Shield volcano,,,,1.0,,,,,,1.0,,,,1.0,,,,,,1.0,,
2006.0,3.0,17.0,Raoul Island,Kermadec Is,New Zealand,-29.27,-177.92,516.0,Stratovolcano,,,1.0,1.0,,,,,,,,,1.0,1.0,,,,,,,,
2006.0,5.0,20.0,Soufriere Hills,W Indies,Montserrat,16.72,-62.18,915.0,Stratovolcano,2.0,P,,,,,,,,,,,,,,,,,,,,
2006.0,6.0,7.0,Bulusan,Luzon-Philippines,Philippines,12.77,124.05,1565.0,Stratovolcano,2.0,,1.0,1.0,,,,,,,,,1.0,1.0,,,,,,,,
2006.0,6.0,14.0,Merapi,Java,Indonesia,-7.542000000000001,110.44200000000001,2947.0,Stratovolcano,1.0,,2.0,1.0,,,,,,,,,2.0,1.0,,,,,,,,
2006.0,7.0,18.0,Tungurahua,Ecuador,Ecuador,-1.4669999999999999,-78.442,5023.0,Stratovolcano,3.0,,1.0,1.0,,,,,,,,,1.0,1.0,,,,,,,,
2006.0,8.0,17.0,Tungurahua,Ecuador,Ecuador,-1.4669999999999999,-78.442,5023.0,Stratovolcano,3.0,T,5.0,1.0,,2.0,13.0,1.0,,3.0,,3.0,6.0,1.0,,2.0,,2.0,,3.0,,3.0
2006.0,11.0,30.0,Mayon,Luzon-Philippines,Philippines,13.257,123.685,2462.0,Stratovolcano,1.0,m,1266.0,4.0,,,,,,1.0,,,1266.0,4.0,,,,,,1.0,,
2007.0,3.0,,Manam,New Guinea-NE of,Papua New Guinea,-4.1,145.061,1807.0,Stratovolcano,4.0,M,4.0,1.0,,,1.0,1.0,,,,,4.0,1.0,,,1.0,1.0,,,,
2007.0,4.0,18.0,Huila,Colombia,Colombia,2.92,-76.05,5365.0,Stratovolcano,,,,,,,,,,2.0,,1.0,,,,,,,,2.0,,1.0
2007.0,5.0,19.0,Ritter Island,New Guinea-NE of,Papua New Guinea,-5.52,148.121,140.0,Stratovolcano,1.0,"A,W",,,,,,,,1.0,,1.0,,,,,,,,1.0,,1.0
2007.0,7.0,7.0,Salak,Java,Indonesia,-6.72,106.73,2211.0,Stratovolcano,,G,6.0,1.0,,,,,,,,,6.0,1.0,,,,,,,,
2007.0,9.0,30.0,"Tair, Jebel at",Red Sea,Yemen,15.7,41.742,244.0,Stratovolcano,,,7.0,1.0,,,1.0,1.0,,,,,7.0,1.0,,,,1.0,,,,
2008.0,5.0,2.0,Chaiten,Chile-S,Chile,-42.833,-72.646,962.0,Caldera,,,1.0,1.0,,,,,,,,,1.0,1.0,,,,,,,,
2008.0,8.0,8.0,Kasatochi,Aleutian Is,United States,52.18,-175.5,314.0,Stratovolcano,3.0,,,,,,,,,,,,,,,,,,,,,
2008.0,8.0,22.0,Tungurahua,Ecuador,Ecuador,-1.4669999999999999,-78.442,5023.0,Stratovolcano,3.0,M,2.0,1.0,,,2.0,1.0,,1.0,2.0,1.0,2.0,1.0,,,2.0,1.0,,1.0,2.0,1.0
2008.0,11.0,20.0,Huila,Colombia,Colombia,2.92,-76.05,5365.0,Stratovolcano,,,10.0,1.0,,1.0,,1.0,,,,,10.0,1.0,,1.0,,1.0,,,,
2009.0,3.0,23.0,Redoubt,Alaska-SW,United States,60.48,-152.75,3108.0,Stratovolcano,,,,,,,,,,1.0,,,,,,,,,,1.0,,
2009.0,11.0,30.0,Kilauea,Hawaiian Is,United States,19.425,-155.292,1222.0,Shield volcano,,,,,,,,,,2.0,,,,,,,,,,2.0,,
2010.0,1.0,,Tungurahua,Ecuador,Ecuador,-1.4669999999999999,-78.442,5023.0,Stratovolcano,3.0,,,,,,,,,1.0,,,,,,,,,,1.0,,
2010.0,3.0,31.0,Eyjafjallajokull,Iceland-S,Iceland,63.63,-19.62,1666.0,Stratovolcano,2.0,,2.0,1.0,,,,,,,,,2.0,1.0,,,,,,,,
2010.0,5.0,27.0,Pacaya,Guatemala,Guatemala,14.380999999999998,-90.601,2552.0,Complex volcano,1.0,T,1.0,1.0,3.0,1.0,,,,1.0,3.0,1.0,1.0,1.0,3.0,1.0,,,,1.0,3.0,1.0
2010.0,5.0,29.0,Sarigan,Mariana Is-C Pacific,United States,16.708,145.78,538.0,Stratovolcano,,,,,,,,,,,,,,,,,,,,,,
2010.0,8.0,6.0,Karangetang [Api Siau],Sangihe Is-Indonesia,Indonesia,2.78,125.48,1784.0,Stratovolcano,3.0,,4.0,1.0,,,5.0,1.0,,,,1.0,4.0,1.0,,,5.0,1.0,,,,1.0
2010.0,8.0,30.0,Sinabung,Sumatra,Indonesia,3.17,98.39200000000001,2460.0,Stratovolcano,,,2.0,1.0,,,,,,,,,2.0,1.0,,,,,,,,
2010.0,10.0,26.0,Merapi,Java,Indonesia,-7.542000000000001,110.44200000000001,2947.0,Stratovolcano,,,367.0,3.0,,,277.0,3.0,600.0,4.0,,3.0,367.0,3.0,,,277.0,3.0,600.0,4.0,,3.0
2010.0,11.0,,Tungurahua,Ecuador,Ecuador,-1.4669999999999999,-78.442,5023.0,Stratovolcano,3.0,,,,,,,,,1.0,,,,,,,,,,1.0,,
2010.0,12.0,28.0,Tengger Caldera,Java,Indonesia,-7.942,112.95,2329.0,Stratovolcano,,,,,,,,,,1.0,,,,,,,,,,,,
2011.0,1.0,3.0,Merapi,Java,Indonesia,-7.542000000000001,110.44200000000001,2947.0,Stratovolcano,,M,1.0,1.0,,,1.0,1.0,,1.0,,,1.0,1.0,,,1.0,1.0,,1.0,,
2011.0,1.0,28.0,Kirishima,Kyushu-Japan,Japan,31.93,130.87,1700.0,Shield volcano,,,,,,,,1.0,,1.0,,,,,,,,1.0,,1.0,,
2011.0,2.0,23.0,Bulusan,Luzon-Philippines,Philippines,12.77,124.05,1565.0,Stratovolcano,2.0,,1.0,1.0,,,,,,,,,1.0,1.0,,,,,,,,
2011.0,3.0,18.0,Karangetang [Api Siau],Sangihe Is-Indonesia,Indonesia,2.78,125.48,1784.0,Stratovolcano,,,,,,,,,,1.0,,,,,,,,,,1.0,,
2011.0,4.0,,Tungurahua,Ecuador,Ecuador,-1.4669999999999999,-78.442,5023.0,Stratovolcano,4.0,,,,,,,,,1.0,,,,,,,,,,1.0,,
2011.0,6.0,4.0,Puyehue,Chile-C,Chile,-40.59,-72.117,2236.0,Stratovolcano,4.0,,,,,,,,,2.0,,,,,,,,,,2.0,,
2011.0,6.0,22.0,Nabro,Africa-NE,Eritrea,13.37,41.7,2218.0,Stratovolcano,3.0,,31.0,1.0,,,,3.0,,1.0,,,31.0,1.0,,,,3.0,,1.0,,
2011.0,7.0,9.0,Katla,Iceland-S,Iceland,63.63,-19.05,1512.0,Subglacial volcano,,,,,,,,,,1.0,,,,,,,,,,1.0,,
2011.0,7.0,17.0,Lokon-Empung,Sulawesi-Indonesia,Indonesia,1.358,124.792,1580.0,Stratovolcano,,,1.0,1.0,,,,,,,,,1.0,1.0,,,,,,,,
2011.0,12.0,27.0,Gamalama,Halmahera-Indonesia,Indonesia,0.8,127.325,1715.0,Stratovolcano,3.0,m,4.0,1.0,,,,1.0,,,,,4.0,1.0,,,,1.0,,,,
2012.0,2.0,10.0,Kilauea,Hawaiian Is,United States,19.425,-155.292,1222.0,Shield volcano,,,,,,,,,,2.0,,,,,,,,,,2.0,,
2012.0,3.0,2.0,Kilauea,Hawaiian Is,United States,19.425,-155.292,1222.0,Shield volcano,,L,,,,,,,,1.0,1.0,1.0,,,,,,,,,,
2012.0,12.0,12.0,Tolbachik,Kamchatka,Russia,55.83,160.33,3682.0,Shield volcano,,,,,,,,,,1.0,,,,,,,,,,1.0,,
2013.0,2.0,12.0,Merapi,Java,Indonesia,-7.542000000000001,110.44200000000001,2947.0,Stratovolcano,,M,1.0,1.0,,,1.0,1.0,,1.0,,,1.0,1.0,,,1.0,1.0,,1.0,,
2013.0,2.0,,Paluweh,Lesser Sunda Is,Indonesia,-8.32,121.708,875.0,Stratovolcano,,,,,,,,,,1.0,,1.0,,,,,,,,1.0,,1.0
2013.0,5.0,7.0,Mayon,Luzon-Philippines,Philippines,13.257,123.685,2462.0,Stratovolcano,,,5.0,1.0,,,8.0,1.0,,,,,5.0,1.0,,,8.0,1.0,,,,
2013.0,8.0,10.0,Paluweh,Lesser Sunda Is,Indonesia,-8.32,121.708,875.0,Stratovolcano,3.0,,5.0,1.0,,,,,,,,,5.0,1.0,,,,,,,,
2013.0,9.0,1.0,Ubinas,Peru,Peru,-16.355,-70.903,5672.0,Stratovolcano,,,,,,,,,,1.0,,,,,,,,,,1.0,,
2013.0,9.0,4.0,Sakura-jima,Kyushu-Japan,Japan,31.58,130.67,1117.0,Stratovolcano,,,,,,,,,,1.0,,,,,,,,,,1.0,,
2013.0,9.0,15.0,Sinabung,Sumatra,Indonesia,3.17,98.39200000000001,2460.0,Stratovolcano,2.0,,,,,,,,,2.0,,,,,,,,,,2.0,,
2013.0,12.0,13.0,Okataina,New Zealand,New Zealand,-38.12,176.5,1111.0,Lava dome,,G,1.0,1.0,,,,,,,,,1.0,1.0,,,,,,,,
2014.0,2.0,1.0,Sinabung,Sumatra,Indonesia,3.17,98.39200000000001,2460.0,Stratovolcano,,,17.0,1.0,,,3.0,1.0,,1.0,,2.0,17.0,1.0,,,3.0,1.0,,1.0,,2.0
2014.0,2.0,13.0,Kelut,Java,Indonesia,-7.93,112.30799999999999,1731.0,Stratovolcano,,,7.0,1.0,,,,,,3.0,4098.0,4.0,7.0,1.0,,,,,,3.0,4098.0,4.0
2014.0,9.0,27.0,On-take,Honshu-Japan,Japan,35.9,137.48,3063.0,Complex volcano,3.0,,55.0,2.0,,,70.0,2.0,,,,,55.0,2.0,,,70.0,2.0,,,,
2014.0,11.0,10.0,Kilauea,Hawaiian Is,United States,19.425,-155.292,1222.0,Shield volcano,,,,,,,,,14.5,3.0,1.0,1.0,,,,,,,14.5,3.0,1.0,1.0
2014.0,11.0,23.0,Fogo,Cape Verde Is,Cape Verde,14.95,-24.35,2829.0,Stratovolcano,,,,,,,,,,2.0,230.0,3.0,,,,,,,,2.0,230.0,3.0
2014.0,12.0,18.0,Gamalama,Halmahera-Indonesia,Indonesia,0.8,127.325,1715.0,Stratovolcano,,,1.0,1.0,,,4.0,1.0,,,,,1.0,1.0,,,4.0,1.0,,,,
2015.0,2.0,20.0,Sinabung,Sumatra,Indonesia,3.17,98.39200000000001,2460.0,Stratovolcano,,,,,,,,,,1.0,,1.0,,,,,,,,1.0,,1.0
2015.0,4.0,22.0,Calbuco,Chile-S,Chile,-41.326,-72.61399999999999,2003.0,Stratovolcano,,,,,,,,,,2.0,,2.0,,,,,,,,2.0,,2.0
2015.0,5.0,7.0,Karangetang [Api Siau],Sangihe Is-Indonesia,Indonesia,2.78,125.48,1784.0,Stratovolcano,,,,,,,,,,1.0,,1.0,,,,,,,,1.0,,1.0
2015.0,7.0,31.0,Manam,New Guinea-NE of,Papua New Guinea,-4.1,145.061,1807.0,Stratovolcano,2.0,,,,,,2.0,1.0,,1.0,,,,,,,2.0,1.0,,1.0,,
2015.0,10.0,16.0,Sinabung,Sumatra,Indonesia,3.17,98.39200000000001,2460.0,Stratovolcano,,M,1.0,1.0,,,,,,1.0,,,1.0,1.0,,,,,,1.0,,
2015.0,10.0,,Okataina,New Zealand,New Zealand,-38.12,176.5,1111.0,Lava dome,,I,1.0,1.0,,,,,,,,,1.0,1.0,,,,,,,,
2016.0,5.0,9.0,Sinabung,Sumatra,Indonesia,3.17,98.39200000000001,2460.0,Stratovolcano,,,1.0,1.0,,,4.0,1.0,,1.0,3.0,1.0,1.0,1.0,,,4.0,1.0,,1.0,,
2016.0,5.0,21.0,Sinabung,Sumatra,Indonesia,3.17,98.39200000000001,2460.0,Stratovolcano,,,7.0,1.0,,,3.0,1.0,100.0,4.0,,,7.0,1.0,,,3.0,1.0,100.0,4.0,,
2016.0,6.0,9.0,Yellowstone,US-Wyoming,United States,44.43,-110.67,2805.0,Caldera,,,1.0,1.0,,,,,,,,,1.0,1.0,,,,,,,,
2016.0,9.0,27.0,Rinjani,Lesser Sunda Is,Indonesia,-8.42,116.47,3726.0,Stratovolcano,,,,,44.0,1.0,,,,,,,,,44.0,1.0,,,,,,
2016.0,10.0,8.0,Aso,Kyushu-Japan,Japan,32.88,131.1,1592.0,Caldera,,T,,,,,,,,1.0,,,,,,,,,,1.0,,
2017.0,3.0,15.0,Etna,Italy,Italy,37.734,15.004000000000001,3350.0,Stratovolcano,,P,,,,,10.0,1.0,,,,,,,,,10.0,1.0,,,,
2017.0,4.0,13.0,Sinabung,Sumatra,Indonesia,3.17,98.39200000000001,2460.0,Stratovolcano,2.0,P,,,,,,,,1.0,,2.0,,,,,,,,1.0,,2.0
2017.0,6.0,6.0,Fuego,Guatemala,Guatemala,14.472999999999999,-90.88,3763.0,Stratovolcano,2.0,P,,,,,,,,2.0,,,,,,,,,,2.0,,
2017.0,7.0,1.0,Dieng Volc Complex,Java,Indonesia,-7.2,109.92,2565.0,Complex volcano,,,8.0,1.0,,,11.0,1.0,,,,,8.0,1.0,,,11.0,1.0,,,,
2017.0,9.0,12.0,Campi Flegrei,Italy,Italy,40.827,14.139000000000001,458.0,Caldera,,,3.0,1.0,,,,,,,,,3.0,1.0,,,,,,,,
2017.0,9.0,23.0,Aoba,Vanuatu-SW Pacific,Vanuatu,-15.4,167.83,1496.0,Shield volcano,,T,,,,,,,,1.0,,,,,,,,,,1.0,,
2017.0,12.0,18.0,Merapi,Java,Indonesia,-7.542000000000001,110.44200000000001,2947.0,Stratovolcano,,A,8.0,1.0,,,8.0,1.0,,,,,8.0,1.0,,,8.0,1.0,,,,
2017.0,12.0,27.0,Sinabung,Sumatra,Indonesia,3.17,98.39200000000001,2460.0,Stratovolcano,,T,,,,,,,,2.0,,,,,,,,,,2.0,,
2018.0,1.0,5.0,Kadovar,New Guinea-NE of,Papua New Guinea,-3.62,144.62,365.0,Stratovolcano,,T,,,,,,,,1.0,,,,,,,,,,1.0,,
2018.0,1.0,13.0,Mayon,Luzon-Philippines,Philippines,13.257,123.685,2462.0,Stratovolcano,,"T,P",,,,,1972.0,4.0,3.5639999999999996,2.0,,,,,,,1972.0,4.0,3.5639999999999996,2.0,,
2018.0,1.0,23.0,Kusatsu-Shirane,Honshu-Japan,Japan,36.62,138.55,2176.0,Stratovolcano,,T,1.0,1.0,,,11.0,1.0,,1.0,,,1.0,1.0,,,11.0,1.0,,1.0,,
2018.0,2.0,1.0,Kilauea,Hawaiian Is,United States,19.425,-155.292,1222.0,Shield volcano,1.0,G,1.0,1.0,,,3.0,1.0,,,,,1.0,1.0,,,3.0,1.0,,,,
2018.0,2.0,9.0,Kadovar,New Guinea-NE of,Papua New Guinea,-3.62,144.62,365.0,Stratovolcano,,W,,,,,,,,,,,,,,,,,,,,
2018.0,3.0,21.0,Ijen,Java,Indonesia,-8.058,114.242,2799.0,Stratovolcano,,G,,,,,30.0,1.0,,,,,,,,,30.0,1.0,,,,
2018.0,3.0,30.0,Aoba,Vanuatu-SW Pacific,Vanuatu,-15.4,167.83,1496.0,Shield volcano,3.0,"T,G,M",4.0,1.0,,,,,,2.0,,1.0,4.0,1.0,,,,,,2.0,,1.0
2018.0,4.0,28.0,Kilauea,Hawaiian Is,United States,19.425,-155.292,1222.0,Shield volcano,1.0,L,,,,,1.0,1.0,370.0,4.0,716.0,3.0,,,,,1.0,1.0,370.0,4.0,716.0,3.0
2018.0,6.0,3.0,Fuego,Guatemala,Guatemala,14.472999999999999,-90.88,3763.0,Stratovolcano,2.0,P,201.0,3.0,229.0,3.0,27.0,1.0,120.0,4.0,186.0,3.0,201.0,3.0,229.0,3.0,27.0,1.0,120.0,4.0,186.0,3.0
2018.0,7.0,16.0,Kilauea,Hawaiian Is,United States,19.425,-155.292,1222.0,Shield volcano,,T,,,,,23.0,1.0,1.0,1.0,,,,,,,23.0,1.0,1.0,1.0,,
2018.0,8.0,25.0,Manam,New Guinea-NE of,Papua New Guinea,-4.1,145.061,1807.0,Stratovolcano,4.0,"L,T",,,,,,,,3.0,164.0,3.0,,,,,,,,3.0,164.0,3.0
2018.0,12.0,15.0,Ambrym,Vanuatu-SW Pacific,Vanuatu,-16.25,168.12,1334.0,Pyroclastic shield,2.0,"S,T,G",,,,,,,,2.0,,1.0,,,,,,,,2.0,,1.0
2018.0,12.0,22.0,Krakatau,Indonesia,Indonesia,-6.102,105.42299999999999,813.0,Caldera,3.0,W,,,,,,,,,,,437.0,3.0,10.0,1.0,31943.0,4.0,250.0,4.0,2844.0,4.0
2018.0,12.0,26.0,Etna,Italy,Italy,37.734,15.004000000000001,3350.0,Stratovolcano,2.0,S,,,,,,,,,,,,,,,28.0,1.0,115.0,4.0,15.0,1.0
2019.0,1.0,7.0,Manam,New Guinea-NE of,Papua New Guinea,-4.1,145.061,1807.0,Stratovolcano,4.0,T,,,,,,,,1.0,,,,,,,,,,1.0,,
2019.0,5.0,7.0,Sinabung,Sumatra,Indonesia,3.17,98.39200000000001,2460.0,Stratovolcano,,T,,,,,,,,2.0,,,,,,,,,,2.0,,
2019.0,6.0,26.0,Ulawun,New Britain-SW Pac,Papua New Guinea,-5.05,151.33,2334.0,Stratovolcano,,"P,T",,,,,2.0,1.0,14.0,3.0,,,,,,,2.0,1.0,14.0,3.0,,
2019.0,6.0,28.0,Manam,New Guinea-NE of,Papua New Guinea,-4.1,145.061,1807.0,Stratovolcano,4.0,"A,P,T",,,,,,,,2.0,,,,,,,,,,2.0,,
2019.0,7.0,3.0,Stromboli,Italy,Italy,38.789,15.213,926.0,Stratovolcano,2.0,"P,T",1.0,1.0,,,1.0,1.0,,,,,1.0,1.0,,,1.0,1.0,,,,
2019.0,8.0,28.0,Stromboli,Italy,Italy,38.789,15.213,926.0,Stratovolcano,2.0,W,,,,,,,,,,,,,,,,,,,,
2019.0,12.0,9.0,White Island,New Zealand,New Zealand,-37.52,177.18,321.0,Stratovolcano,2.0,T,22.0,1.0,,,25.0,1.0,,,,,22.0,1.0,,,25.0,1.0,,,,
2020.0,1.0,12.0,Taal,Luzon-Philippines,Philippines,14.002,120.993,400.0,Stratovolcano,,T,39.0,1.0,,,,,67.0,4.0,4573.0,4.0,39.0,1.0,,,,,67.0,4.0,4573.0,4.0
2020.0,5.0,29.0,Ijen,Java,Indonesia,-8.058,114.242,2799.0,Stratovolcano,,"G,W, S",1.0,1.0,,,,,,,,,1.0,1.0,,,,,,,,
