Search Parameters,Year,Mo,Dy,Tsu,Eq,Name,Location,Country,Latitude,Longitude,Elevation (m),Type,VEI,Agent,Deaths,Death Description,Missing,Missing Description,Injuries,Injuries Description,Damage ($Mil),Damage Description,Houses Destroyed,Houses Destroyed Description,Total Deaths,Total Death Description,Total Missing,Total Missing Description,Total Injuries,Total Injuries Description,Total Damage ($Mil),Total Damage Description,Total Houses Destroyed,Total Houses Destroyed Description
"[""-2000 <= Year >= 2021""]",,,,,,,,,,,,,,,,,,,,,,,,,,,,,,,,,,
,-1900,,,,,Black Peak,Alaska Peninsula,United States,56.53,-158.8,1032,Stratovolcano,6,,,,,,,,,,,,,,,,,,,,,
,-1890,,,,,"Hudson, Cerro",Chile-S,Chile,-45.9,-72.97,1905,Stratovolcano,6,,,,,,,,,,,,,,,,,,,,,
,-1860,,,,,St. Helens,US-Washington,United States,46.2,-122.18,2549,Stratovolcano,6,,,,,,,,,,,,,,,,,,,,,
,-1750,,,,,Veniaminof,Alaska Peninsula,United States,56.17,-159.38,2507,Stratovolcano,6,,,,,,,,,,,,,,,,,,,,,
,-1645,,,,,Aniakchak,Alaska Peninsula,United States,56.88,-158.17,1341,Caldera,6,,,,,,,,,,,,,,,,,,,,,
,-1610,,,3,5877,Santorini,Greece,Greece,36.404,25.396,329,Shield volcano,7,W,,3,,,,,,3,,,,3,,,,,,3,,
,-1550,,,,,Redoubt,Alaska-SW,United States,60.48,-152.75,3108,Stratovolcano,,,,,,,,,,,,,,,,,,,,,,
,-1460,,,,,Taupo,New Zealand,New Zealand,-38.82,176,760,Caldera,6,,,,,,,,,,,,,,,,,,,,,
,-1370,,,,,Pago,New Britain-SW Pac,Papua New Guinea,-5.58,150.52,742,Caldera,6,,,,,,,,,,,,,,,,,,,,,
,-1050,,,,,Pinatubo,Luzon-Philippines,Philippines,15.13,120.35,1486,Stratovolcano,6,,,,,,,,,,,,,,,,,,,,,
,-1010,,,,,Tungurahua,Ecuador,Ecuador,-1.467,-78.442,5023,Stratovolcano,5,,,3,,,,,,,,,,3,,,,,,,,
,-455,,,,,Cotopaxi,Ecuador,Ecuador,-0.677,-78.436,5911,Stratovolcano,4,M,,1,,,,,,,,,,1,,,,,,,,
,-250,,,,,Raoul Island,Kermadec Is,New Zealand,-29.27,-177.92,516,Stratovolcano,6,,,,,,,,,,,,,,,,,,,,,
,-197,,,3473,7795,Santorini,Greece,Greece,36.404,25.396,329,Shield volcano,3,,,,,,,,,,,,,,,,,,,,,
,-150,,,,,St. Andrew Strait,Admiralty Is-SW Paci,Papua New Guinea,-2.38,147.35,270,Complex volcano,,,,3,,,,,,,,,,3,,,,,,,,
,-141,,,,,Etna,Italy,Italy,37.734,15.004,3350,Stratovolcano,,,40,1,,,,,,,,,40,1,,,,,,,,
,-100,,,,,Okmok,Aleutian Is,United States,53.42,-168.13,1073,Shield volcano,6,,,,,,,,,,,,,,,,,,,,,
,-50,,,,,Apoyeque,Nicaragua,Nicaragua,12.242,-86.342,518,Pyroclastic shield,6,,,,,,,,,,,,,,,,,,,,,
,46,,,21,,Santorini,Greece,Greece,36.404,25.396,329,Shield volcano,3,,,,,,,,,,,,,,,,,,,,,
,50,,,,,Ambrym,Vanuatu-SW Pacific,Vanuatu,-16.25,168.12,1334,Pyroclastic shield,6,,,,,,,,,,,,,,,,,,,,,
,60,,,,,Bona-Churchill,Alaska-E,United States,61.38,-141.75,5005,Stratovolcano,6,,,,,,,,,,,,,,,,,,,,,
,79,8,25,3093,58,Vesuvius,Italy,Italy,40.821,14.426,1281,Complex volcano,5,"P,T",2100,4,,,,,,,,,2100,4,,,,,,,,
,200,,,,,"Arhab, Harra of",Arabia-S,Yemen,15.63,44.08,3100,Volcanic field,,,,,,,,,,1,,,,,,,,,,1,,
,233,,,,,Taupo,New Zealand,New Zealand,-38.82,176,760,Caldera,6,,,,,,,,,,,,,,,,,,,,,
,240,,,,,Ksudach,Kamchatka,Russia,51.8,157.53,1079,Stratovolcano,6,,,,,,,,,,,,,,,,,,,,,
,350,,,,,Augustine,Alaska-SW,United States,59.37,-153.42,1252,Lava dome,,,,,,,,,,,,,,,,,,,,,,
,416,,,39,,Krakatau,Indonesia,Indonesia,-6.102,105.423,813,Caldera,,W,,1,,,,,,1,,,,3,,,,,,4,,
,450,,,,,Ilopango,El Salvador,El Salvador,13.672,-89.053,450,Caldera,6,,30000,4,,,,,,,,,30000,4,,,,,,,,
,500,,,,,"Arhab, Harra of",Arabia-S,Yemen,15.63,44.08,3100,Volcanic field,,,,,,,,,,1,,,,,,,,,,1,,
,590,,,,,San Salvador,El Salvador,El Salvador,13.736,-89.286,1893,Stratovolcano,,,,1,,,,,,,,,,1,,,,,,,,
,640,,,,,"Uwayrid, Harrat",Arabia-W,Saudi Arabia,27.08,37.25,1900,Volcanic field,2,T,,1,,,,,,,,,,1,,,,,,,,
,653,,,,,Dakataua,New Britain-SW Pac,Papua New Guinea,-5.056,150.108,400,Caldera,6,,,,,,,,,,,,,,,,,,,,,
,683,,,,,Rabaul,New Britain-SW Pac,Papua New Guinea,-4.271,152.203,688,Pyroclastic shield,6,,,,,,,,,1,,,,,,,,,,,,
,710,,,,,Pago,New Britain-SW Pac,Papua New Guinea,-5.58,150.52,742,Caldera,6,,,,,,,,,,,,,,,,,,,,,
,764,,,,,Sakura-jima,Kyushu-Japan,Japan,31.58,130.67,1117,Stratovolcano,4,"T,L",80,2,,,,,,,,,80,2,,,,,,,,
,766,7,20,61,7341,Sakura-jima,Kyushu-Japan,Japan,31.58,130.67,1117,Stratovolcano,3,,,3,,,,,,,,,,3,,,,,,,,
,787,,,,,Vesuvius,Italy,Italy,40.821,14.426,1281,Complex volcano,3,,,1,,,,,,1,,,,1,,,,,,1,,
,847,,,,,Bona-Churchill,Alaska-E,United States,61.38,-141.75,5005,Stratovolcano,6,,,,,,,,,,,,,,,,,,,,,
,920,,,,,Katla,Iceland-S,Iceland,63.63,-19.05,1512,Subglacial volcano,4,,,,,,,,,1,,,,,,,,,,,,
,930,,,,,Ceboruco,Mexico,Mexico,21.125,-104.508,2280,Stratovolcano,6,,,,,,,,,,,,,,,,,,,,,
,934,,,,,Katla,Iceland-S,Iceland,63.63,-19.05,1512,Subglacial volcano,4,,,,,,,,,1,,,,,,,,,,1,,
,946,,,,,Changbaishan,China-E,North Korea,41.98,128.08,2744,Stratovolcano,7,,,,,,,,,,,,,,,,,,,,,
,950,,,,,Katla,Iceland-S,Iceland,63.63,-19.05,1512,Subglacial volcano,,,,,,,,,,1,,,,,,,,,,,,
,1050,,,3102,,Santorini,Greece,Greece,36.404,25.396,329,Shield volcano,,,,,,,,,,,,,,,,,,,,,,
,1104,10,15,,,Hekla,Iceland-S,Iceland,63.98,-19.7,1491,Stratovolcano,5,,,,,,,,,1,,,,,,,,,,1,,
,1151,,,,,Krisuvik,Iceland-SW,Iceland,63.93,-22.1,379,Crater rows,1,,,,,,,,,1,,,,,,,,,,1,,
,1158,1,19,,,Hekla,Iceland-S,Iceland,63.98,-19.7,1491,Stratovolcano,4,,,,,,,,,1,,,,,,,,,,1,,
,1169,2,4,2852,421,Etna,Italy,Italy,37.734,15.004,3350,Stratovolcano,,"S,W",,,,,,,,,,,16000,4,,,,,,4,,
,1169,2,11,3107,,Etna,Italy,Italy,37.734,15.004,3350,Stratovolcano,,,,,,,,,,,,,,,,,,,,,,
,1177,,,,,Katla,Iceland-S,Iceland,63.63,-19.05,1512,Subglacial volcano,3,,,,,,,,,1,,,,,,,,,,1,,
,1206,12,4,,,Hekla,Iceland-S,Iceland,63.98,-19.7,1491,Stratovolcano,2,,,,,,,,,1,,,,,,,,,,1,,
,1250,,,,,Fentale,Africa-NE,Ethiopia,8.975,39.93,2007,Stratovolcano,,,,,,,,,,1,,,,,,,,,,,,
,1262,,,,,Katla,Iceland-S,Iceland,63.63,-19.05,1512,Subglacial volcano,3,F,,1,,,,,,,,,,1,,,,,,,,
,1280,,,,,Quilotoa,Ecuador,Ecuador,-0.85,-78.9,3914,Caldera,6,,,,,,,,,1,,,,,,,,,,,,
,1300,7,11,,,Hekla,Iceland-S,Iceland,63.98,-19.7,1491,Stratovolcano,4,,,,,,,,,,,,600,3,,,,,,,,
,1302,,,,,Ischia,Italy,Italy,40.73,13.897,789,Complex volcano,,,,1,,,,,,,,,,1,,,,,,,,
,1311,1,18,,,Katla,Iceland-S,Iceland,63.63,-19.05,1512,Subglacial volcano,4,F,,2,,,,,,,,,,2,,,,,,,,
,1311,,,,,Kelut,Java,Indonesia,-7.93,112.308,1731,Stratovolcano,3,,,1,,,,,,,,,,1,,,,,,,,
,1329,6,28,3112,9973,Etna,Italy,Italy,37.734,15.004,3350,Stratovolcano,3,,,,,,,,,,,,,,,,,,,1,,1
,1329,7,,,,Etna,Italy,Italy,37.734,15.004,3350,Stratovolcano,1,I,,3,,,,,,,,,,3,,,,,,,,
,1331,12,,,,Aso,Kyushu-Japan,Japan,32.88,131.1,1592,Caldera,2,,,1,,,,,,,,,,1,,,,,,,,
,1334,,,,,Kelut,Java,Indonesia,-7.93,112.308,1731,Stratovolcano,3,,,1,,,,,,,,,,1,,,,,,,,
,1341,5,19,,,Hekla,Iceland-S,Iceland,63.98,-19.7,1491,Stratovolcano,3,,,,,,,,,1,,,,,,,,,,1,,
,1357,,,,,Katla,Iceland-S,Iceland,63.63,-19.05,1512,Subglacial volcano,4,,,,,,,,,1,,,,,,,,,,1,,
,1362,6,5,,,Oraefajokull,Iceland-SE,Iceland,64,-16.65,2119,Stratovolcano,5,"T,F",220,3,,,,,,,,,220,3,,,,,,,,
,1375,,,,,"Chichon, El",Mexico,Mexico,17.36,-93.228,1150,Tuff cone,5,M,,2,,,,,,,,,,2,,,,,,,,
,1376,,,,,Kelut,Java,Indonesia,-7.93,112.308,1731,Stratovolcano,3,,,1,,,,,,,,,,1,,,,,,,,
,1385,,,,,Kelut,Java,Indonesia,-7.93,112.308,1731,Stratovolcano,3,,,1,,,,,,,,,,1,,,,,,,,
,1389,12,1,,,Hekla,Iceland-S,Iceland,63.98,-19.7,1491,Stratovolcano,3,,,,,,,,,1,,,,,,,,,,1,,
,1410,3,5,,,Nasu,Honshu-Japan,Japan,37.12,139.97,1917,Stratovolcano,3,,180,3,,,,,,,,,180,3,,,,,,,,
,1430,,,,,Kuwae,Vanuatu-SW Pacific,Vanuatu,-16.829,168.536,-2,Caldera,,P,,3,,,,,,,,,,3,,,,,,,,
,1471,11,3,,,Sakura-jima,Kyushu-Japan,Japan,31.58,130.67,1117,Stratovolcano,5,P,,3,,,,,,,,,,3,,,,,,,,
,1477,2,,,,Bardarbunga,Iceland-NE,Iceland,64.63,-17.53,2000,Stratovolcano,6,,,,,,,,,1,,,,,,,,,,1,,
,1485,1,,,,Aso,Kyushu-Japan,Japan,32.88,131.1,1592,Caldera,2,,1,1,,,,,,,,,1,1,,,,,,,,
,1500,,,,,Katla,Iceland-S,Iceland,63.63,-19.05,1512,Subglacial volcano,4,,,,,,,,,1,,,,,,,,,,1,,
,1510,7,25,,,Hekla,Iceland-S,Iceland,63.98,-19.7,1491,Stratovolcano,4,T,1,1,,,,,,,,,1,1,,,,,,,,
,1510,10,15,,,Hekla,Iceland-S,Iceland,63.98,-19.7,1491,Stratovolcano,4,I,,,,,,,,,,,,3,,,,,,,,
,1536,3,23,,,Etna,Italy,Italy,37.734,15.004,3350,Stratovolcano,3,T,1,1,,,,,,,,,1,1,,,,,,,,
,1538,9,29,,,Campi Flegrei,Italy,Italy,40.827,14.139,458,Caldera,3,T,24,1,,,,,,,,,24,1,,,,,,,,
,1540,,,2874,,Augustine,Alaska-SW,United States,59.37,-153.42,1252,Lava dome,4,,,,,,,,,,,,,,,,,,,,,
,1550,11,,,,Dukono,Halmahera-Indonesia,Indonesia,1.68,127.88,1185,Complex volcano,3,,,1,,,,,,,,,,1,,,,,,,,
,1564,12,31,,,Gamkonora,Halmahera-Indonesia,Indonesia,1.375,127.52,1635,Stratovolcano,3,,,1,,,,,,,,,,1,,,,,,,,
,1565,8,,,9788,Pacaya,Guatemala,Guatemala,14.381,-90.601,2552,Complex volcano,3,,,,,,,,,1,,,,,,,,,,1,,
,1566,10,31,,,Kirishima,Kyushu-Japan,Japan,31.93,130.87,1700,Shield volcano,3,,,3,,,,,,,,,,3,,,,,,,,
,1568,,,,,Savo,Solomon Is-SW Pacifi,Solomon Is.,-9.13,159.82,510,Stratovolcano,3,"P,T,M",1001,4,,,,,,,,,1001,4,,,,,,,,
,1570,,,,,Mombacho,Nicaragua,Nicaragua,11.826,-85.968,1344,Stratovolcano,,A,400,3,,,,,,,,,400,3,,,,,,,,
,1572,,,,,Taal,Luzon-Philippines,Philippines,14.002,120.993,400,Stratovolcano,3,L,,,,,,,,2,,,,,,,,,,2,,
,1576,,,,,Colima,Mexico,Mexico,19.514,-103.62,3850,Stratovolcano,3,,,1,,,,,,,,,,1,,,,,,,,
,1580,5,1,,,San Jorge,Azores,Portugal,38.65,-28.08,1053,Fissure vent,3,P,10,1,,,,,,,,,10,1,,,,,,,,
,1580,8,11,,,Katla,Iceland-S,Iceland,63.63,-19.05,1512,Subglacial volcano,4,,,,,,,,,,,,,,,,,,,,,
,1580,,,,,Billy Mitchell,Bougainville-SW Paci,Papua New Guinea,-6.092,155.225,1544,Pyroclastic shield,6,,,,,,,,,,,,,,,,,,,,,
,1581,12,26,,,Fuego,Guatemala,Guatemala,14.473,-90.88,3763,Stratovolcano,4,,,,,,,,,1,,,,,,,,,,1,,
,1586,,,,,Kelut,Java,Indonesia,-7.93,112.308,1731,Stratovolcano,5,,10000,4,,,,,,,,,10000,4,,,,,,,,
,1587,,,,,Merapi,Java,Indonesia,-7.542,110.442,2947,Stratovolcano,4,,,1,,,,,,,,,,1,,,,,,,,
,1590,1,15,,,Colima,Mexico,Mexico,19.514,-103.62,3850,Stratovolcano,3,I,,3,,,,,,,,,,3,,,,,,,,
,1593,,,,,Raung,Java,Indonesia,-8.125,114.042,3332,Stratovolcano,5,,,3,,,,,,,,,,3,,,,,,,,
,1595,3,12,,,Ruiz,Colombia,Colombia,4.895,-75.322,5321,Stratovolcano,4,M,636,3,,,,,,,,,636,3,,,,,,,,
,1596,5,1,,,Asama,Honshu-Japan,Japan,36.4,138.53,2560,Complex volcano,2,T,,3,,,,,,,,,,3,,,,,,,,
,1597,1,3,,,Hekla,Iceland-S,Iceland,63.98,-19.7,1491,Stratovolcano,4,,,,,,,,,1,,,,,,,,,,1,,
,1597,,,,,Raung,Java,Indonesia,-8.125,114.042,3332,Stratovolcano,3,T,,1,,,,,,,,,,1,,,,,,,,
,1598,5,13,,,Asama,Honshu-Japan,Japan,36.4,138.53,2560,Complex volcano,2,T,800,3,,,,,,,,,800,3,,,,,,,,
,1598,,,,,Banda Api,Banda Sea,Pacific Ocean,-4.525,129.871,640,Caldera,3,,,1,,,,,,,,,,1,,,,,,,,
,1600,2,19,,814,Huaynaputina,Peru,Peru,-16.608,-70.85,4850,Stratovolcano,6,,1500,4,,,,,,,,,1500,4,,,,,,,,
,1606,1,23,219,,Hachijo-jima,Izu Is-Japan,Japan,33.13,139.77,854,Stratovolcano,2,,,,,,,,,,,,,,,,,,,,,
,1608,7,18,222,,Gamalama,Halmahera-Indonesia,Indonesia,0.8,127.325,1715,Stratovolcano,3,,,,,,,,,1,,,,1,,,,,,1,,
,1609,,,,,Tengchong,China-S,China,25.32,98.47,2865,Pyroclastic cone,,E,,1,,,,,,,,,,1,,,,,,,,
,1615,3,,,,Banda Api,Banda Sea,Pacific Ocean,-4.525,129.871,640,Caldera,3,,,,,,,,,2,,2,,,,,,,,2,,2
,1617,,,,,Fuego,Guatemala,Guatemala,14.473,-90.88,3763,Stratovolcano,3,,,,,,,,,,,,,,,,,,,,,
,1625,9,2,,,Katla,Iceland-S,Iceland,63.63,-19.05,1512,Subglacial volcano,5,,,,,,,,,,,,,,,,,,,,,
,1629,,,,,Grimsvotn,Iceland-NE,Iceland,64.42,-17.33,1725,Caldera,2,F,4,1,,,,,,,,,4,1,,,,,,,,
,1630,9,3,,,Furnas,Azores,Portugal,37.77,-25.32,805,Stratovolcano,4,"M,T",200,3,,,,,,,,,200,3,,,,,,,,
,1631,2,14,,920,Dama Ali,Africa-NE,Ethiopia,11.28,41.63,1068,Shield volcano,,S,50,1,,,,,,2,,,50,1,,,,,,2,,
,1631,12,16,3129,9756,Vesuvius,Italy,Italy,40.821,14.426,1281,Complex volcano,5,"P,E,M",4000,4,,,,,,4,,4,4000,4,,,,,,4,,4
,1636,5,15,,,Hekla,Iceland-S,Iceland,63.98,-19.7,1491,Stratovolcano,3,,,,,,,,,1,,,,,,,,,,1,,
,1638,,,,,Raung,Java,Indonesia,-8.125,114.042,3332,Stratovolcano,4,M,1001,4,,,,,,,,,1001,4,,,,,,,,
,1640,7,31,253,942,Komaga-take,Hokkaido-Japan,Japan,42.07,140.68,1140,Stratovolcano,5,W,,,,,,,,,,,700,3,,,,,,1,20,1
,1640,,,,,Tungurahua,Ecuador,Ecuador,-1.467,-78.442,5023,Stratovolcano,3,P,5000,4,,,,,,,,4,5000,4,,,,,,,,4
,1646,7,19,5754,10519,Makian,Halmahera-Indonesia,Indonesia,0.32,127.4,1357,Stratovolcano,4,P,,3,,,,,,,,,,3,,,,,,,,
,1650,9,26,269,,Santorini,Greece,Greece,36.404,25.396,329,Shield volcano,4,"G,W,T",120,3,,,,,,1,,,120,3,,,,,,1,,
,1659,9,30,,6879,San Salvador,El Salvador,El Salvador,13.736,-89.286,1893,Stratovolcano,3,S,,,,,,,,,,,,,,,,,,,,
,1659,11,11,285,,Teon,Banda Sea,Pacific Ocean,-6.92,129.125,655,Stratovolcano,4,,,,,,,,,,,,,,,,,,,,,
,1660,2,,,,Teon,Banda Sea,Pacific Ocean,-6.92,129.125,655,Stratovolcano,4,"G,T",3,1,,,,,,,,,3,1,,,,,,,,
,1660,11,3,,,Katla,Iceland-S,Iceland,63.63,-19.05,1512,Subglacial volcano,4,,,,,,,,,1,,,,,,,,,,1,,
,1660,,,5482,,Long Island,New Guinea-NE of,Papua New Guinea,-5.358,147.12,1280,Complex volcano,6,"T,P,W,I",2000,4,,,,,,3,,3,2000,4,,,,,,3,,3
,1663,8,16,,,Usu,Hokkaido-Japan,Japan,42.53,140.83,731,Stratovolcano,5,"T,P",5,1,,,,,,,,,5,1,,,,,,,,
,1664,4,15,,,Unzen,Kyushu-Japan,Japan,32.75,130.3,1500,Complex volcano,2,m,30,1,,,,,,,,,30,1,,,,,,,,
,1664,,,293,,Iwo-Tori-shima,Ryukyu Is,Japan,27.85,128.25,217,Complex volcano,,A,,1,,,,,,,,,,1,,,,,,1,,1
,1669,3,11,,1057,Etna,Italy,Italy,37.734,15.004,3350,Stratovolcano,3,,,3,,,,,,,,,,3,,,,,,,,
,1669,3,19,,,Etna,Italy,Italy,37.734,15.004,3350,Stratovolcano,3,L,2,1,,,5,1,,,,,2,1,,,5,1,,,,
,1670,,,,,Aoba,Vanuatu-SW Pacific,Vanuatu,-15.4,167.83,1496,Shield volcano,2,L,,3,,,,,,,,,,3,,,,,,,,
,1672,4,24,,,Fayal,Azores,Portugal,38.6,-28.73,1043,Stratovolcano,2,,3,1,,,,,,,,,3,1,,,,,,,,
,1672,8,4,,,Merapi,Java,Indonesia,-7.542,110.442,2947,Stratovolcano,3,P,3000,4,,,,,,,,,3000,4,,,,,,,,
,1673,5,20,312,,Gamkonora,Halmahera-Indonesia,Indonesia,1.375,127.52,1635,Stratovolcano,5,W,,,,,,,,1,,1,,3,,,,,,1,,1
,1677,11,22,,,La Palma,Canary Is,Spain,28.58,-17.83,2426,Stratovolcano,2,G,1,1,,,,,,,,,1,1,,,,,,,,
,1679,9,21,,8202,Zukur,Red Sea,Yemen,14.02,42.75,624,Shield volcano,,,,,,,,,,,,,,,,,,,,,,
,1682,8,12,,,Vesuvius,Italy,Italy,40.821,14.426,1281,Complex volcano,3,,4,1,,,,,,,,,4,1,,,,,,,,
,1684,12,,,,Grimsvotn,Iceland-NE,Iceland,64.42,-17.33,1725,Caldera,2,F,1,1,,,,,,,,,1,1,,,,,,,,
,1690,2,3,3138,,Vesuvius,Italy,Italy,40.821,14.426,1281,Complex volcano,,,,,,,,,,,,,,,,,,,,,,
,1690,,,,,Guntur,Java,Indonesia,-7.13,107.83,2249,Complex volcano,3,,,1,,,,,,,,,,1,,,,,,,,
,1692,6,4,,,Serua,Banda Sea,Pacific Ocean,-6.3,130,641,Stratovolcano,4,L,,2,,,,,,,,,,2,,,,,,,,
,1693,1,9,,1129,Etna,Italy,Italy,37.734,15.004,3350,Stratovolcano,,,,,,,,,,,,,,,,,,,,,,
,1693,2,13,347,,Hekla,Iceland-S,Iceland,63.98,-19.7,1491,Stratovolcano,4,,,,,,,,,,,,,,,,,,,,,
,1694,11,20,,,Banda Api,Banda Sea,Pacific Ocean,-4.525,129.871,640,Caldera,3,,,2,,,,,,,,,,2,,,,,,,,
,1698,5,,3141,,Vesuvius,Italy,Italy,40.821,14.426,1281,Complex volcano,3,,,,,,,,,,,,,,,,,,,,,
,1698,,,,,Cotopaxi,Ecuador,Ecuador,-0.677,-78.436,5911,Stratovolcano,3,M,,2,,,,,,,,,,2,,,,,,,,
,1698,,,,,Cereme,Java,Indonesia,-6.892,108.4,3078,Stratovolcano,3,,,1,,,,,,,,,,1,,,,,,,,
,1706,5,5,375,,Tenerife,Canary Is,Spain,28.271,-16.641,3715,Stratovolcano,2,,,,,,,,,3,,,,,,,,,,3,,
,1707,5,,3148,,Santorini,Greece,Greece,36.404,25.396,329,Shield volcano,,,,,,,,,,,,,,,,,,,,,,
,1707,12,16,,1178,Fuji,Honshu-Japan,Japan,35.35,138.73,3776,Stratovolcano,4,,,1,,,,,,1,75,1,,1,,,,,,1,75,1
,1711,12,11,,,Awu,Sangihe Is-Indonesia,Indonesia,3.67,125.5,1320,Stratovolcano,3,P,3000,4,,,,,,,,,3000,4,,,,,,,,
,1712,1,15,,,Bardarbunga,Iceland-NE,Iceland,64.63,-17.53,2000,Stratovolcano,2,,,,,,,,,1,,,,,,,,,,1,,
,1714,6,30,3150,,Vesuvius,Italy,Italy,40.821,14.426,1281,Complex volcano,,,,,,,,,,,,,,,,,,,,,,
,1716,7,20,,,Kelut,Java,Indonesia,-7.93,112.308,1731,Stratovolcano,2,M,,1,,,,,,,,,,1,,,,,,,,
,1716,9,24,387,1205,Taal,Luzon-Philippines,Philippines,14.002,120.993,400,Stratovolcano,4,,,1,,,,,,,,,,1,,,,,,3,,3
,1716,10,5,,,Bardarbunga,Iceland-NE,Iceland,64.63,-17.53,2000,Stratovolcano,2,,,,,,,,,1,,,,,,,,,,1,,
,1716,11,9,,,Kirishima,Kyushu-Japan,Japan,31.93,130.87,1700,Shield volcano,3,,1,1,,,31,1,,,,,1,1,,,31,1,,,,
,1717,2,7,,,Kirishima,Kyushu-Japan,Japan,31.93,130.87,1700,Shield volcano,3,,1,1,,,30,1,,,,,1,1,,,30,1,,,,
,1717,8,4,,,Bardarbunga,Iceland-NE,Iceland,64.63,-17.53,2000,Stratovolcano,3,,,,,,,,,1,,,,,,,,,,1,,
,1717,8,27,,,Fuego,Guatemala,Guatemala,14.473,-90.88,3763,Stratovolcano,3,,,,,,,,,1,,,,,,,,,,1,,
,1718,2,1,,,Pico,Azores,Portugal,38.47,-28.4,2351,Stratovolcano,2,,2,1,,,,,,,,,2,1,,,,,,,,
,1721,5,11,,,Katla,Iceland-S,Iceland,63.63,-19.05,1512,Subglacial volcano,5,,,,,,,,,1,,,,,,,,,,1,,
,1721,6,22,,,Asama,Honshu-Japan,Japan,36.4,138.53,2560,Complex volcano,1,T,15,1,,,,,,,,,15,1,,,,,,,,
,1726,2,1,,,Bardarbunga,Iceland-NE,Iceland,64.63,-17.53,2000,Stratovolcano,1,,,,,,,,,1,,,,,,,,,,1,,
,1727,8,3,,,Oraefajokull,Iceland-SE,Iceland,64,-16.65,2119,Stratovolcano,4,F,3,1,,,,,,,,,3,1,,,,,,,,
,1729,2,1,,,Bardarbunga,Iceland-NE,Iceland,64.63,-17.53,2000,Stratovolcano,1,,,,,,,,,1,,,,,,,,,,1,,
,1729,6,30,,,Krafla,Iceland-NE,Iceland,65.73,-16.78,650,Caldera,2,,,,,,,,,1,,,,,,,,,,1,,
,1730,9,1,,,Lanzarote,Canary Is,Spain,29.03,-13.63,670,Fissure vent,2,,,1,,,,,,,,,,1,,,,,,,,
,1730,,,,,Tseax River Cone,Canada,Canada,55.12,-128.9,609,Pyroclastic cone,,G,,1,,,,,,,,,,1,,,,,,,,
,1730,,,,,Raung,Java,Indonesia,-8.125,114.042,3332,Stratovolcano,3,"M,T",,2,,,,,,,,,,2,,,,,,,,
,1737,5,20,,,Vesuvius,Italy,Italy,40.821,14.426,1281,Complex volcano,2,T,2,1,,,,,,2,,,2,1,,,,,,2,,
,1741,8,23,419,,Oshima-Oshima,Hokkaido-Japan,Japan,41.5,139.37,737,Stratovolcano,4,"W,S",,,,,,,,,,,2000,4,,,,,,3,871,3
,1742,6,15,,,Cotopaxi,Ecuador,Ecuador,-0.677,-78.436,5911,Stratovolcano,3,M,,3,,,,,,3,,,,3,,,,,,3,,
,1742,12,9,,,Cotopaxi,Ecuador,Ecuador,-0.677,-78.436,5911,Stratovolcano,3,M,,3,,,,,,3,,,,3,,,,,,3,,
,1749,8,11,431,1304,Taal,Luzon-Philippines,Philippines,14.002,120.993,400,Stratovolcano,3,,,1,,,,,,1,,,,1,,,,,,3,,3
,1753,10,15,,,Grimsvotn,Iceland-NE,Iceland,64.42,-17.33,1725,Caldera,2,,,,,,,,,1,,,,,,,,,,1,,
,1754,11,28,2853,1328,Taal,Luzon-Philippines,Philippines,14.002,120.993,400,Stratovolcano,4,"W,T",,1,,,,,,4,,4,12,1,,,,,,4,,4
,1755,10,17,,,Katla,Iceland-S,Iceland,63.63,-19.05,1512,Subglacial volcano,4,E,2,1,,,,,,,,,2,1,,,,,,,,
,1757,7,9,,1348,San Jorge,Azores,Portugal,38.65,-28.08,1053,Fissure vent,0,S,,,,,,,,,,,1053,4,,,,,,3,,4
,1760,,,,,Makian,Halmahera-Indonesia,Indonesia,0.32,127.4,1357,Stratovolcano,4,M,2000,4,,,,,,,,,2000,4,,,,,,,,
,1762,,,,,Kliuchevskoi,Kamchatka,Russia,56.057,160.638,4835,Stratovolcano,2,,,1,,,,,,,,,,1,,,,,,,,
,1766,4,5,,,Hekla,Iceland-S,Iceland,63.98,-19.7,1491,Stratovolcano,4,,,,,,,,,1,,,,,,,,,,1,,
,1766,7,20,,,Mayon,Luzon-Philippines,Philippines,13.257,123.685,2462,Stratovolcano,3,m,49,1,,,,,,,,,49,1,,,,,,,,
,1768,4,4,,,Cotopaxi,Ecuador,Ecuador,-0.677,-78.436,5911,Stratovolcano,4,M,,3,,,,,,3,,,,3,,,,,,3,,
,1772,5,9,504,,Gamalama,Halmahera-Indonesia,Indonesia,0.8,127.325,1715,Stratovolcano,3,T,35,1,,,,,,,,,35,1,,,,,,,,
,1772,8,12,,,Papandayan,Java,Indonesia,-7.32,107.73,2665,Stratovolcano,3,A,2957,4,,,,,,,,3,2957,4,,,,,,,,3
,1773,2,2,,,Gamalama,Halmahera-Indonesia,Indonesia,0.8,127.325,1715,Stratovolcano,2,I,,2,,,,,,,,,,2,,,,,,,,
,1775,,,,,Lokon-Empung,Sulawesi-Indonesia,Indonesia,1.358,124.792,1580,Stratovolcano,3,,,1,,,,,,,,,,1,,,,,,,,
,1775,,,,,Gamalama,Halmahera-Indonesia,Indonesia,0.8,127.325,1715,Stratovolcano,3,"P,I",1300,4,,,,,,,,,1300,4,,,,,,,,
,1778,,,,,Raikoke,Kuril Is,Russia,48.292,153.25,551,Stratovolcano,4,T,15,1,,,,,,,,,15,1,,,,,,,,
,1779,8,8,,,Vesuvius,Italy,Italy,40.821,14.426,1281,Complex volcano,2,,,1,,,,,,,,,,1,,,,,,,,
,1779,11,8,,,Sakura-jima,Kyushu-Japan,Japan,31.58,130.67,1117,Stratovolcano,4,"T,W,I",153,3,,,,,,,,,153,3,,,,,,,,
,1780,2,9,,,Sakura-jima,Kyushu-Japan,Japan,31.58,130.67,1117,Stratovolcano,4,F,,3,,,,,,,,,,3,,,,,,,,
,1780,7,27,,,Aoga-shima,Izu Is-Japan,Japan,32.45,139.77,423,Stratovolcano,3,,7,1,,,,,,,,1,7,1,,,,,,,,1
,1780,9,9,525,,Sakura-jima,Kyushu-Japan,Japan,31.58,130.67,1117,Stratovolcano,4,,,,,,,,,,,,,,,,,,,,,
,1780,10,31,528,,Sakura-jima,Kyushu-Japan,Japan,31.58,130.67,1117,Stratovolcano,,,,,,,,,,,,,,,,,,,,,,
,1781,4,11,529,,Sakura-jima,Kyushu-Japan,Japan,31.58,130.67,1117,Stratovolcano,4,W,23,1,,,,,,,,,38,1,,,,,,1,,
,1783,8,5,,,Asama,Honshu-Japan,Japan,36.4,138.53,2560,Complex volcano,4,"F,P,I",1491,4,,,,,,,,,1491,4,,,,,,,,
,1784,4,,,,Grimsvotn,Iceland-NE,Iceland,64.42,-17.33,1725,Caldera,4,I,,,,,,,,,,,9350,4,,,,,,,,
,1784,7,,,,Sabancaya,Peru,Peru,-15.78,-71.85,5967,Stratovolcano,,,,,,,,,,1,,,,,,,,,,1,,
,1784,,,,,Hualalai,Hawaiian Is,United States,19.692,-155.87,2523,Shield volcano,0,L,,1,,,,,,,,,,1,,,,,,,,
,1785,4,18,,,Aoga-shima,Izu Is-Japan,Japan,32.45,139.77,423,Stratovolcano,3,,135,3,,,,,,,,,135,3,,,,,,,,
,1786,,,,,Dieng Volc Complex,Java,Indonesia,-7.2,109.92,2565,Complex volcano,2,A,38,1,,,,,,,,2,38,1,,,,,,,,2
,1789,,,,,Oshima,Izu Is-Japan,Japan,34.73,139.38,758,Stratovolcano,2,T,,1,,,,,,,,,,1,,,,,,,,
,1790,11,,,,Kilauea,Hawaiian Is,United States,19.425,-155.292,1222,Shield volcano,4,P,5405,4,,,,,,,,,5405,4,,,,,,,,
,1792,5,21,568,1515,Unzen,Kyushu-Japan,Japan,32.75,130.3,1500,Complex volcano,2,"W,A",,1,,,,,,,,,15000,4,,,707,3,,4,6200,4
,1794,6,15,,,Vesuvius,Italy,Italy,40.821,14.426,1281,Complex volcano,3,"M,L,T,G",400,3,,,,,,3,,,400,3,,,,,,3,,
,1800,6,24,,,San Jorge,Azores,Portugal,38.65,-28.08,1053,Fissure vent,1,L,9,1,,,,,,,,,9,1,,,,,,,,
,1800,10,8,,,Guntur,Java,Indonesia,-7.13,107.83,2249,Complex volcano,,M,,3,,,,,,,,,,3,,,,,,,,
,1800,10,30,,,Mayon,Luzon-Philippines,Philippines,13.257,123.685,2462,Stratovolcano,2,,,1,,,,,,,,,,1,,,,,,,,
,1800,,,,,St. Helens,US-Washington,United States,46.2,-122.18,2549,Stratovolcano,5,I,,3,,,,,,,,,,3,,,,,,,,
,1800,,,,,Hualalai,Hawaiian Is,United States,19.692,-155.87,2523,Shield volcano,0,L,2,1,,,,,,,,,2,1,,,,,,,,
,1800,,,,,Kieyo,Africa-E,Tanzania,-9.23,33.78,2175,Stratovolcano,2,L,,3,,,,,,3,,,,3,,,,,,3,,
,1801,7,,,,Chokai,Honshu-Japan,Japan,39.08,140.03,2237,Stratovolcano,2,T,8,1,,,,,,,,,8,1,,,,,,,,
,1803,7,4,,,Asama,Honshu-Japan,Japan,36.4,138.53,2560,Complex volcano,2,,,1,,,,,,,,,,1,,,,,,,,
,1803,11,7,,,Asama,Honshu-Japan,Japan,36.4,138.53,2560,Complex volcano,2,,,1,,,,,,,,,,1,,,,,,,,
,1804,,,,,Shikotsu,Hokkaido-Japan,Japan,42.7,141.33,1320,Caldera,3,,,3,,,,,,,,,,3,,,,,,,,
,1805,8,11,,,Vesuvius,Italy,Italy,40.821,14.426,1281,Complex volcano,2,,4,1,,,,,,,,,4,1,,,,,,,,
,1812,4,27,,,Soufriere St. Vincent,W Indies,St. Vincent & the Grenadines,13.33,-61.18,1220,Stratovolcano,4,"T, m",56,2,,,,,,,,,56,2,,,,,,,,
,1812,8,6,,,Awu,Sangihe Is-Indonesia,Indonesia,3.67,125.5,1320,Stratovolcano,3,"P,M",953,3,,,,,,,,,953,3,,,,,,,,
,1813,5,,3221,,Vesuvius,Italy,Italy,40.821,14.426,1281,Complex volcano,2,,,,,,,,,,,,,,,,,,,,,
,1814,2,1,,,Mayon,Luzon-Philippines,Philippines,13.257,123.685,2462,Stratovolcano,4,"P,M,E",1200,4,,,,,,3,,3,1200,4,,,,,,3,,3
,1815,4,10,613,,Tambora,Lesser Sunda Is,Indonesia,-8.25,118,2850,Stratovolcano,7,"P,W,A,I",11000,4,,,,4,,4,,4,60000,4,,,,4,,4,,4
,1816,7,5,,,Aso,Kyushu-Japan,Japan,32.88,131.1,1592,Caldera,2,T,1,1,,,,,,,,,1,1,,,,,,,,
,1817,1,24,,,Ijen,Java,Indonesia,-8.058,114.242,2799,Stratovolcano,2,M,,2,,,,,,,90,2,,2,,,,,,,90,2
,1817,,,,,Raung,Java,Indonesia,-8.125,114.042,3332,Stratovolcano,4,,,1,,,,,,,,,,1,,,,,,,,
,1818,2,5,,,Colima,Mexico,Mexico,19.514,-103.62,3850,Stratovolcano,4,,,1,,,,,,,,,,1,,,,,,,,
,1819,,,623,,Asuncion,Mariana Is-C Pacific,United States,19.67,145.4,857,Stratovolcano,,,,,,,,,,,,,,,,,,,,,,
,1820,3,1,631,6650,Westdahl,Aleutian Is,United States,54.52,-164.65,1654,Stratovolcano,2,,,,,,,,,,,,,,,,,,,,,
,1820,6,11,,,Banda Api,Banda Sea,Pacific Ocean,-4.525,129.871,640,Caldera,2,,,1,,,,,,,,,,1,,,,,,,,
,1822,3,9,,,Usu,Hokkaido-Japan,Japan,42.53,140.83,731,Stratovolcano,4,P,50,1,,,53,2,,,,2,50,1,,,53,2,,,,2
,1822,10,8,,,Galunggung,Java,Indonesia,-7.25,108.05,2168,Stratovolcano,5,"P,M",4011,4,,,,,,3,,3,4011,4,,,,,,3,,3
,1822,12,27,,,Merapi,Java,Indonesia,-7.542,110.442,2947,Stratovolcano,3,,100,2,,,,2,,3,,3,100,2,,,,2,,3,,3
,1823,2,,,,Kilauea,Hawaiian Is,United States,19.425,-155.292,1222,Shield volcano,0,L,,1,,,,,,,,,,1,,,,,,,,
,1825,3,21,654,,Shishaldin,Aleutian Is,United States,54.75,-163.97,2857,Stratovolcano,3,,,,,,,,,,,,,,,,,,,,,
,1825,,,,,Balbi,Bougainville-SW Paci,Papua New Guinea,-5.83,154.98,2715,Stratovolcano,,P,,3,,,,,,,,,,3,,,,,,,,
,1826,10,11,,,Kelut,Java,Indonesia,-7.93,112.308,1731,Stratovolcano,3,M,,1,,,65,2,,3,,3,,1,,,65,2,,3,,3
,1826,10,11,,,Dieng Volc Complex,Java,Indonesia,-7.2,109.92,2565,Complex volcano,2,,,2,,,,,,,,,,2,,,,,,,,
,1826,10,,,,Aso,Kyushu-Japan,Japan,32.88,131.1,1592,Caldera,2,T,,3,,,,,,,,,,3,,,,,,,,
,1827,6,27,663,6651,Avachinsky,Kamchatka,Russia,53.255,158.83,2741,Stratovolcano,2,,,,,,,,,,,,,,,,,,,,,
,1827,8,9,,,Avachinsky,Kamchatka,Russia,53.255,158.83,2741,Stratovolcano,2,,,,,,,,,,,,,,,,,,,,,
,1829,,,,,Guntur,Java,Indonesia,-7.13,107.83,2249,Complex volcano,2,,,3,,,,,,,,,,3,,,,,,,,
,1832,11,1,,,Etna,Italy,Italy,37.734,15.004,3350,Stratovolcano,2,L,,2,,,,,,,,,,2,,,,,,,,
,1832,12,25,,,Merapi,Java,Indonesia,-7.542,110.442,2947,Stratovolcano,3,,32,1,,,,,,,,2,32,1,,,,,,,,2
,1833,11,24,,,Kaba,Sumatra,Indonesia,-3.52,102.62,1952,Stratovolcano,2,M,126,3,,,,,,,,,126,3,,,,,,,,
,1835,1,20,,,Cosiguina,Nicaragua,Nicaragua,12.98,-87.57,872,Stratovolcano,5,"G,I",,1,,,,,,,,,,1,,,,,,,,
,1835,11,1,,1787,Banda Api,Banda Sea,Pacific Ocean,-4.525,129.871,640,Caldera,,,,3,,,,,,2,,2,,3,,,,,,2,,2
,1837,9,,706,6050,Peuet Sague,Sumatra,Indonesia,4.914,96.329,2801,Complex volcano,,,,,,,,,,,,,,,,,,,,,,
,1838,2,26,,,Gamalama,Halmahera-Indonesia,Indonesia,0.8,127.325,1715,Stratovolcano,2,T,4,1,,,,,,,,,4,1,,,,,,,,
,1839,2,12,711,,Unnamed,Chile-Is,Chile,-33.62,-76.83,-642,Submarine volcano,2,,,,,,,,,,,,,,,,,,,,,
,1840,2,2,718,,Gamalama,Halmahera-Indonesia,Indonesia,0.8,127.325,1715,Stratovolcano,3,,,,,,,,,1,,,,,,,,,,2,500,3
,1840,5,30,714,,Kilauea,Hawaiian Is,United States,19.425,-155.292,1222,Shield volcano,0,,,,,,,,,1,,,,,,,,,,1,,
,1840,7,2,,,Ararat,Turkey,Turkey,39.7,44.28,5165,Stratovolcano,3,P,1900,4,,,,,,,,,1900,4,,,,,,,,
,1840,,,,,Tinakula,Santa Cruz Is-SW Pac,Solomon Is.,-10.38,165.8,851,Stratovolcano,3,P,,3,,,,,,,,,,3,,,,,,,,
,1840,,,,,Savo,Solomon Is-SW Pacifi,Solomon Is.,-9.13,159.82,510,Stratovolcano,3,P,,3,,,,,,,,,,3,,,,,,,,
,1841,4,,,,Kuchinoerabu-jima,Ryukyu Is,Japan,30.43,130.22,649,Stratovolcano,2,T,,,,,,,,2,,2,,,,,,,,2,,2
,1843,2,8,730,,Liamuiga,W Indies,St. Kitts & Nevis,17.37,-62.8,1156,Stratovolcano,0,,,,,,,,,,,,,,,,,,,,,
,1843,2,17,731,,Soufriere Guadeloupe,W Indies,Guadeloupe,16.05,-61.67,1467,Stratovolcano,,,,,,,,,,,,,,,,,,,,,,
,1843,8,,,,Lamongan,Java,Indonesia,-8,113.342,1651,Stratovolcano,2,,4,1,,,,,,,,,4,1,,,,,,,,
,1843,11,17,,,Etna,Italy,Italy,37.734,15.004,3350,Stratovolcano,2,L,56,2,,,,2,,,,,56,2,,,,2,,,,
,1845,2,8,741,1865,Soputan,Sulawesi-Indonesia,Indonesia,1.108,124.725,1784,Stratovolcano,2,,,,,,,,,,,,118,3,,,,,,2,,3
,1845,2,19,,1867,Ruiz,Colombia,Colombia,4.895,-75.322,5321,Stratovolcano,3,M,1000,3,,,,,,,,,1000,3,,,,,,,,
,1845,9,2,,,Hekla,Iceland-S,Iceland,63.98,-19.7,1491,Stratovolcano,4,,,,,,,,,1,,,,,,,,,,1,,
,1846,5,7,,,Taupo,New Zealand,New Zealand,-38.82,176,760,Caldera,,m,63,2,,,,,,,,,63,2,,,,,,,,
,1846,5,27,,,Tangkubanparahu,Java,Indonesia,-6.77,107.6,2084,Stratovolcano,2,,,1,,,,,,,,,,1,,,,,,,,
,1846,11,18,,,E-san,Hokkaido-Japan,Japan,41.8,141.17,618,Stratovolcano,1,M,,3,,,,,,,,,,3,,,,,,,,
,1847,4,9,,,Fogo,Cape Verde Is,Cape Verde,14.95,-24.35,2829,Stratovolcano,2,S,,1,,,,,,,,,,1,,,,,,,,
,1847,12,4,,,Dieng Volc Complex,Java,Indonesia,-7.2,109.92,2565,Complex volcano,2,,,2,,,,,,,,,,2,,,,,,,,
,1848,5,16,,,Kelut,Java,Indonesia,-7.93,112.308,1731,Stratovolcano,2,M,21,1,,,,,,,800,3,21,1,,,,,,,800,3
,1850,,,,,Rabaul,New Britain-SW Pac,Papua New Guinea,-4.271,152.203,688,Pyroclastic shield,2,T,,3,,,,,,,,,,3,,,,,,,,
,1853,6,24,,,Niuafo'ou,Tonga-SW Pacific,Tonga,-15.6,-175.63,260,Shield volcano,0,L,25,1,,,,,,,,,25,1,,,,,,,,
,1853,7,13,,,Mayon,Luzon-Philippines,Philippines,13.257,123.685,2462,Stratovolcano,3,P,34,1,,,,,,,,1,34,1,,,,,,,,1
,1853,10,29,809,,Unnamed,Taiwan-E of,Taiwan,24,121.83,0,Submarine volcano,2,,,,,,,,,,,,,,,,,,,,,
,1854,2,18,,,Shiveluch,Kamchatka,Russia,56.653,161.36,3283,Stratovolcano,5,,,,,,,,,1,,,,,,,,,,1,,
,1854,2,,,,Aso,Kyushu-Japan,Japan,32.88,131.1,1592,Caldera,2,,3,1,,,,,,,,,3,1,,,,,,,,
,1854,6,27,821,,Alaid,Kuril Is,Russia,50.858,155.55,2339,Stratovolcano,3,,,,,,,,,,,,,,,,,,,,,
,1856,3,2,859,1995,Awu,Sangihe Is-Indonesia,Indonesia,3.67,125.5,1320,Stratovolcano,3,P,2806,4,,,,2,,3,,3,2806,4,,,,2,,3,,3
,1856,7,26,862,,Shishaldin,Aleutian Is,United States,54.75,-163.97,2857,Stratovolcano,,,,,,,,,,,,,,,,,,,,,,
,1856,9,25,,,Komaga-take,Hokkaido-Japan,Japan,42.07,140.68,1140,Stratovolcano,4,P,20,1,,,,,,,,3,20,1,,,,,,,,3
,1857,4,17,869,6125,Umboi,New Guinea-NE of,Papua New Guinea,-5.589,147.875,1548,Complex volcano,,,,,,,,,,,,,,2,,,,,,2,,2
,1858,1,,,,Mayon,Luzon-Philippines,Philippines,13.257,123.685,2462,Stratovolcano,2,P,,1,,,,,,,,,,1,,,,,,,,
,1858,4,23,,10184,Tate-yama,Honshu-Japan,Japan,36.57,137.6,2621,Stratovolcano,,m,,3,,,,,,,,,,3,,,,,,,,
,1858,7,3,,,Tate-yama,Honshu-Japan,Japan,36.57,137.6,2621,Stratovolcano,,m,,3,,,,,,,,,,3,,,,,,,,
,1860,4,,,,Semeru,Java,Indonesia,-8.108,112.92,3676,Stratovolcano,2,,,,,,,,,1,,,,,,,,,,,,1
,1860,8,18,,,Fuego,Guatemala,Guatemala,14.473,-90.88,3763,Stratovolcano,2,,,,,,,,,1,,,,,,,,,,1,,
,1860,,,,,Grimsvotn,Iceland-NE,Iceland,64.42,-17.33,1725,Caldera,,m,1,1,,,,,,,,,1,1,,,,,,,,
,1861,5,7,,2049,Dubbi,Africa-NE,Eritrea,13.58,41.808,1625,Stratovolcano,3,,106,3,,,,,,3,,3,106,3,,,,,,3,,3
,1861,5,,,,Grimsvotn,Iceland-NE,Iceland,64.42,-17.33,1725,Caldera,2,,,,,,,,,1,,,,,,,,,,1,,
,1861,12,29,,,Makian,Halmahera-Indonesia,Indonesia,0.32,127.4,1357,Stratovolcano,4,"P,I",326,3,,,47,1,,,,3,326,3,,,47,1,,,,3
,1863,8,17,929,6150,Yasur,Vanuatu-SW Pacific,Vanuatu,-19.52,169.425,361,Stratovolcano,,,,3,,,,,,,,,,3,,,,,,,,
,1864,1,3,,,Kelut,Java,Indonesia,-7.93,112.308,1731,Stratovolcano,2,M,54,2,,,,,,,,3,54,2,,,,,,,,3
,1866,2,20,,,Santorini,Greece,Greece,36.404,25.396,329,Shield volcano,2,T,1,1,,,,1,,,,,1,1,,,,1,,,,
,1866,9,12,958,,Ofu-Olosega,Samoa-SW Pacific,United States,-14.175,-169.618,639,Shield volcano,2,,,,,,,,,,,,,,,,,,,,,
,1867,10,21,,,Zao,Honshu-Japan,Japan,38.15,140.45,1841,Complex volcano,2,M,3,1,,,,,,,,,3,1,,,,,,,,
,1868,4,3,971,2125,Mauna Loa,Hawaiian Is,United States,19.475,-155.608,4170,Shield volcano,2,"W,M",,,,,,,,1,37,1,77,2,,,,,,2,,3
,1868,9,5,3451,7967,Etna,Italy,Italy,37.734,15.004,3350,Stratovolcano,,,,,,,,,,,,,,,,,,,,,,
,1869,7,7,,,Lewotobi,Lesser Sunda Is,Indonesia,-8.53,122.775,1703,Stratovolcano,2,,2,1,,,,,,,,,2,1,,,,,,,,
,1869,8,,,,Lamongan,Java,Indonesia,-8,113.342,1651,Stratovolcano,2,"T,A",8,1,,,,,,,,,8,1,,,,,,,,
,1870,8,,,,Ruang,Sangihe Is-Indonesia,Indonesia,2.28,125.425,725,Stratovolcano,2,,,1,,,,,,,40,1,,1,,,,,,,40,1
,1870,,,,,Aoba,Vanuatu-SW Pacific,Vanuatu,-15.4,167.83,1496,Shield volcano,2,M,,3,,,,,,3,,3,,3,,,,,,3,,3
,1870,,,,,Iliwerung,Lesser Sunda Is,Indonesia,-8.54,123.59,1018,Complex volcano,3,,,1,,,,,,,,,,1,,,,,,,,
,1871,3,3,1022,,Ruang,Sangihe Is-Indonesia,Indonesia,2.28,125.425,725,Stratovolcano,2,W,,,,,,,,1,,1,400,3,,,,,,2,75,2
,1871,4,30,1020,2179,Camiguin,Mindanao-Philippines,Philippines,9.203,124.673,1332,Stratovolcano,2,,,1,,,,,,3,,3,,1,,,,,,3,,3
,1871,8,7,,,Gamalama,Halmahera-Indonesia,Indonesia,0.8,127.325,1715,Stratovolcano,2,T,1,1,,,1,1,,,,,1,1,,,1,1,,,,
,1871,12,8,,,Mayon,Luzon-Philippines,Philippines,13.257,123.685,2462,Stratovolcano,3,P,3,1,,,,,,,,,3,1,,,,,,,,
,1872,4,15,,,Merapi,Java,Indonesia,-7.542,110.442,2947,Stratovolcano,4,T,30,1,,,,1,,,50,1,30,1,,,,1,,,50,1
,1872,4,17,,,Merapi,Java,Indonesia,-7.542,110.442,2947,Stratovolcano,4,P,170,3,,,,,,,,2,170,3,,,,,,,,2
,1872,4,24,,,Vesuvius,Italy,Italy,40.821,14.426,1281,Complex volcano,3,"L,G",9,1,,,11,1,,,,,9,1,,,11,1,,,,
,1872,11,3,,,Merapi,Java,Indonesia,-7.542,110.442,2947,Stratovolcano,4,"P,T",200,3,,,,,,3,,3,200,3,,,,,,3,,3
,1872,12,,,,Aso,Kyushu-Japan,Japan,32.88,131.1,1592,Caldera,3,T,4,1,,,,,,,,,4,1,,,,,,,,
,1872,,,,,Sinarka,Kuril Is,Russia,48.875,154.175,934,Stratovolcano,4,P,,3,,,,,,,,,,3,,,,,,,,
,1873,1,16,,,Ragang,Mindanao-Philippines,Philippines,7.67,124.5,2815,Stratovolcano,2,,,1,,,,,,,,,,1,,,,,,,,
,1873,,,,,Vesuvius,Italy,Italy,40.821,14.426,1281,Complex volcano,,"G,T",9,1,,,,,,,,,9,1,,,,,,,,
,1874,7,3,,,Miyake-jima,Izu Is-Japan,Japan,34.08,139.53,815,Stratovolcano,3,T,1,1,,,,,,,,,1,1,,,,,,,,
,1874,7,19,,,Taal,Luzon-Philippines,Philippines,14.002,120.993,400,Stratovolcano,2,,,1,,,,,,,,,,1,,,,,,,,
,1875,1,29,,,Kelut,Java,Indonesia,-7.93,112.308,1731,Stratovolcano,0,m,,1,,,,,,2,,2,,1,,,,,,2,,2
,1875,3,29,,,Askja,Iceland-NE,Iceland,65.03,-16.75,1516,Stratovolcano,5,,,,,,,,,1,,,,,,,,,,1,,
,1875,,,,,Mayon,Luzon-Philippines,Philippines,13.257,123.685,2462,Stratovolcano,,m,1500,4,,,,,,,,,1500,4,,,,,,,,
,1877,2,14,1068,10023,Mauna Loa,Hawaiian Is,United States,19.475,-155.608,4170,Shield volcano,0,,,,,,,,,,,,,,,,,,,,,
,1877,6,25,,,Cotopaxi,Ecuador,Ecuador,-0.677,-78.436,5911,Stratovolcano,4,M,340,3,,,,,,,,,340,3,,,,,,,,
,1878,1,10,1086,,Yasur,Vanuatu-SW Pacific,Vanuatu,-19.52,169.425,361,Stratovolcano,3,,,,,,,,,,,,,,,,,,,1,,
,1878,1,,1095,6195,Rabaul,New Britain-SW Pac,Papua New Guinea,-4.271,152.203,688,Pyroclastic shield,3,T,1,1,,,,,,,,,1,1,,,,,,,,
,1878,2,11,1096,6625,Yasur,Vanuatu-SW Pacific,Vanuatu,-19.52,169.425,361,Stratovolcano,,,,,,,,,,,,,,,,,,,,,,
,1878,8,29,1109,6198,Okmok,Aleutian Is,United States,53.42,-168.13,1073,Shield volcano,2,,,,,,,,,,,,,,,,,,,,,
,1879,2,4,5480,,Stromboli,Italy,Italy,38.789,15.213,926,Stratovolcano,2,,,,,,,,,,,,,,,,,,,,,
,1883,3,,,,Karthala,Indian O-W,Comoros,-11.75,43.38,2361,Shield volcano,2,L,,3,,,,,,3,,,,3,,,,,,3,,
,1883,8,27,1142,,Krakatau,Indonesia,Indonesia,-6.102,105.423,813,Caldera,6,"W,P,I",2000,4,,,,3,,3,,3,36417,4,,,,3,,3,,3
,1883,10,6,1143,,Augustine,Alaska-SW,United States,59.37,-153.42,1252,Lava dome,4,,8,1,,,,,,,,,8,1,,,,,,1,,1
,1883,10,10,1144,,Krakatau,Indonesia,Indonesia,-6.102,105.423,813,Caldera,,,,,,,,,,,,,,,,,,,,,,
,1883,12,,,,Bagana,Bougainville-SW Paci,Papua New Guinea,-6.14,155.195,1750,Lava cone,3,T,,2,,,,,,,,,,2,,,,,,,,
,1884,2,,1145,,Krakatau,Indonesia,Indonesia,-6.102,105.423,813,Caldera,,,,,,,,,,,,,,,,,,,,,,
,1885,4,18,,,Semeru,Java,Indonesia,-8.108,112.92,3676,Stratovolcano,2,A,74,2,,,,,,,,,74,2,,,,,,,,
,1885,5,25,,2347,Purace,Colombia,Colombia,2.32,-76.4,4650,Stratovolcano,3,,,2,,,,,,2,,2,,2,,,,,,2,,2
,1886,1,11,,,Tungurahua,Ecuador,Ecuador,-1.467,-78.442,5023,Stratovolcano,4,P,2,1,,,,,,,,,2,1,,,,,,,,
,1886,6,10,,,Okataina,New Zealand,New Zealand,-38.12,176.5,1111,Lava dome,2,T,153,3,,,,,,,,,153,3,,,,,,,,
,1886,8,31,,,Niuafo'ou,Tonga-SW Pacific,Tonga,-15.6,-175.63,260,Shield volcano,4,,,1,,1,,,,,,,,1,,1,,,,,,
,1887,3,9,,,Mayon,Luzon-Philippines,Philippines,13.257,123.685,2462,Stratovolcano,3,T,15,1,,,,,,1,,1,15,1,,,,,,1,,1
,1888,3,13,1175,,Ritter Island,New Guinea-NE of,Papua New Guinea,-5.52,148.121,140,Stratovolcano,2,W,,,,,,,,,,,,4,,,,,,3,,3
,1888,7,15,,,Bandai,Honshu-Japan,Japan,37.6,140.08,1819,Stratovolcano,4,"A,P",461,3,,,70,2,,2,,2,461,3,,,70,2,,2,,2
,1889,9,6,1181,6309,Banua Wuhu,Sangihe Is-Indonesia,Indonesia,3.138,125.491,-5,Submarine volcano,2,,,,,,,,,,,,,,,,,,,2,,2
,1890,6,29,,,Makian,Halmahera-Indonesia,Indonesia,0.32,127.4,1357,Stratovolcano,2,,,,,,,,,3,,3,,,,,,,,3,,3
,1890,,,,,Victory,New Guinea,Papua New Guinea,-9.2,149.07,1925,Stratovolcano,2,P,,3,,,,,,,,,,3,,,,,,,,
,1892,5,21,,,Sorikmarapi,Sumatra,Indonesia,0.686,99.539,2145,Stratovolcano,2,M,180,3,,,,,,,,,180,3,,,,,,,,
,1892,6,7,1197,,Awu,Sangihe Is-Indonesia,Indonesia,3.67,125.5,1320,Stratovolcano,3,"P,M",1532,4,,,,,,3,,3,1532,4,,,,,,3,,3
,1892,8,30,5608,,Tofua,Tonga-SW Pacific,Tonga,-19.75,-175.07,512,Caldera,2,,,,,,,,,,,,,,,,,,,,,
,1893,1,7,,,Calbuco,Chile-S,Chile,-41.326,-72.614,2003,Stratovolcano,4,,,,,,,,,1,,,,,,,,,,1,,
,1893,5,19,,,Azuma,Honshu-Japan,Japan,37.73,140.25,2024,Stratovolcano,2,T,2,1,,,,,,,,,2,1,,,,,,,,
,1894,10,,,,Ambrym,Vanuatu-SW Pacific,Vanuatu,-16.25,168.12,1334,Pyroclastic shield,3,"T,L",10,1,,,,,,,,,10,1,,,,,,,,
,1895,5,22,,,Semeru,Java,Indonesia,-8.108,112.92,3676,Stratovolcano,2,,,1,,,,,,1,,,,1,,,,,,1,,
,1895,6,17,,,Karkar,New Guinea-NE of,Papua New Guinea,-4.649,145.964,1839,Stratovolcano,2,"I,M",1,1,,,,,,,,,21,1,,,,,,,,
,1895,10,16,,,Kirishima,Kyushu-Japan,Japan,31.93,130.87,1700,Shield volcano,2,T,4,1,,,,,,,,,4,1,,,,,,,,
,1895,,,,,Dakataua,New Britain-SW Pac,Papua New Guinea,-5.056,150.108,400,Caldera,2,?,,1,,,,,,1,,,,1,,,,,,1,,
,1896,3,15,,,Kirishima,Kyushu-Japan,Japan,31.93,130.87,1700,Shield volcano,2,T,1,1,,,1,1,,,,,1,1,,,1,1,,,,
,1897,3,26,5629,,Tinakula,Santa Cruz Is-SW Pac,Solomon Is.,-10.38,165.8,851,Stratovolcano,2,W,,,,,,,,,,,,,,,,,,1,,1
,1897,5,23,,,Mayon,Luzon-Philippines,Philippines,13.257,123.685,2462,Stratovolcano,3,"P,T,M",350,3,,,,,,,,,350,3,,,,,,,,
,1899,11,13,,,Dona Juana,Colombia,Colombia,1.47,-76.92,4150,Stratovolcano,4,P,55,2,,,,,,,,,55,2,,,,,,,,
,1899,,,,,Manam,New Guinea-NE of,Papua New Guinea,-4.1,145.061,1807,Stratovolcano,2,,2,1,,,,,,,,,2,1,,,,,,,,
,1900,1,22,,,Asama,Honshu-Japan,Japan,36.4,138.53,2560,Complex volcano,2,,25,1,,,,,,,,,25,1,,,,,,,,
,1900,2,16,,,Kirishima,Kyushu-Japan,Japan,31.93,130.87,1700,Shield volcano,2,,2,1,,,3,1,,,,,2,1,,,3,1,,,,
,1900,7,17,,,Adatara,Honshu-Japan,Japan,37.62,140.28,1718,Stratovolcano,2,T,72,2,,,10,1,,,,,72,2,,,10,1,,,,
,1900,,,,,Tullu Moje,Africa-NE,Ethiopia,8.158,39.13,2349,Pumice cone,,,,,,,,,,1,,,,,,,,,,,,
,1901,5,22,,,Kelut,Java,Indonesia,-7.93,112.308,1731,Stratovolcano,3,,,2,,,,,,,,,,2,,,,,,,,
,1901,8,9,1280,2595,Epi,Vanuatu-SW Pacific,Vanuatu,-16.68,168.37,833,Stratovolcano,,,,,,,,,,,,,,1,,,,,,2,,
,1902,5,5,2881,,Pelee,W Indies,Martinique,14.82,-61.17,1397,Stratovolcano,,,23,1,,,,,,,,,23,1,,,,,,,,
,1902,5,7,2873,,Soufriere St. Vincent,W Indies,St. Vincent & the Grenadines,13.33,-61.18,1220,Stratovolcano,4,P,1680,4,,,,3,,,,,1680,4,,,,3,,,,
,1902,5,8,1288,,Pelee,W Indies,Martinique,14.82,-61.17,1397,Stratovolcano,4,P,28000,4,,,,,,,,,28000,4,,,,,,,,
,1902,5,20,2433,,Pelee,W Indies,Martinique,14.82,-61.17,1397,Stratovolcano,,,,,,,,,,,,,,,,,,,,,,
,1902,8,7,,,Tori-shima,Izu Is-Japan,Japan,30.48,140.32,403,Stratovolcano,3,,125,3,,,,,,,,,125,3,,,,,,,,
,1902,8,30,1291,,Pelee,W Indies,Martinique,14.82,-61.17,1397,Stratovolcano,4,P,1500,4,,,,,,,,,1500,4,,,,,,,,
,1902,10,25,,,Santa Maria,Guatemala,Guatemala,14.756,-91.552,3772,Stratovolcano,6,"T,G",2500,4,,,,,,2,,2,10000,4,,,,,,2,,2
,1902,12,,,,Merapi,Java,Indonesia,-7.542,110.442,2947,Stratovolcano,2,P,16,1,,,45,1,,,,2,16,1,,,45,1,,,,2
,1903,8,30,,,Okataina,New Zealand,New Zealand,-38.12,176.5,1111,Lava dome,1,T,4,1,,,,,,,,,4,1,,,,,,,,
,1903,,,,,Karthala,Indian O-W,Comoros,-11.75,43.38,2361,Shield volcano,,G,17,1,,,,,,,,,17,1,,,,,,,,
,1904,2,25,,,Karthala,Indian O-W,Comoros,-11.75,43.38,2361,Shield volcano,2,L,1,1,,,,,,1,,,1,1,,,,,,1,,
,1905,3,10,,,Vesuvius,Italy,Italy,40.821,14.426,1281,Complex volcano,2,T,1,1,,,1,1,,,,,1,1,,,1,1,,,,
,1905,8,4,1326,,Savai'i,Samoa-SW Pacific,Samoa,-13.612,-172.525,1858,Shield volcano,2,,,,,,,,,3,,3,,,,,,,,3,,3
,1906,4,4,3413,,Vesuvius,Italy,Italy,40.821,14.426,1281,Complex volcano,3,"T,L",350,3,,,300,3,,,,,350,3,,,300,3,,,,
,1907,7,,1365,10011,Unnamed,Tonga-SW Pacific,Tonga,-21.38,-175.65,-500,Submarine volcano,0,,,,,,,,,,,,,,,,,,,,,
,1907,8,4,,,Alayta,Africa-NE,Ethiopia,12.88,40.57,1501,Shield volcano,2,,,1,,,,,,,,,,1,,,,,,,,
,1907,9,28,,,Lewotobi,Lesser Sunda Is,Indonesia,-8.53,122.775,1703,Stratovolcano,2,,1,1,,,,1,,,,,1,1,,,,1,,,,
,1907,10,6,1363,,Savai'i,Samoa-SW Pacific,Samoa,-13.612,-172.525,1858,Shield volcano,,,,,,,,,,3,,3,,,,,,,,3,,3
,1909,4,28,,8158,"Cameroon, Mt.",Africa-W,Cameroon,4.203,9.17,4095,Stratovolcano,2,,,,,,,,,,,,,,,,,,,,,
,1909,9,,,,Semeru,Java,Indonesia,-8.108,112.92,3676,Stratovolcano,2,m,221,3,,,,,,1,,,221,3,,,,,,1,,
,1910,3,20,,,Taupo,New Zealand,New Zealand,-38.82,176,760,Caldera,,m,1,1,,,,,,,,,1,1,,,,,,,,
,1910,7,25,,,Usu,Hokkaido-Japan,Japan,42.53,140.83,731,Stratovolcano,2,M,1,1,,,,,,,,,1,1,,,,,,,,
,1911,1,30,1392,8391,Taal,Luzon-Philippines,Philippines,14.002,120.993,400,Stratovolcano,3,"P,W",1335,4,,,199,3,,3,543,3,1335,4,,,199,3,,3,543,3
,1911,5,8,,,Asama,Honshu-Japan,Japan,36.4,138.53,2560,Complex volcano,2,,1,1,,,,,,,60,2,1,1,,,,,,,60,2
,1911,8,15,,,Asama,Honshu-Japan,Japan,36.4,138.53,2560,Complex volcano,2,,,3,,,,,,,,,,3,,,,,,,,
,1911,11,3,1400,,Piparo,Trinidad,Trinidad ,10,-61,140,Mud volcano,,,,,,,,,,,,,,,,,,,,,,
,1911,11,8,,,Semeru,Java,Indonesia,-8.108,112.92,3676,Stratovolcano,3,,,,,,,,,1,,,,,,,,,,1,,
,1912,9,6,,,Novarupta,Alaska Peninsula,United States,58.27,-155.16,841,Caldera,6,T,2,1,,,,,,,,,2,1,,,,,,,,
,1912,12,3,,,Nyamuragira,Africa-C,"Congo, DRC",-1.408,29.2,3058,Shield volcano,3,L,20,1,,,,,,,,,20,1,,,,,,,,
,1913,1,20,,,Colima,Mexico,Mexico,19.514,-103.62,3850,Stratovolcano,4,"P,m",13,1,,,,,,,,,13,1,,,,,,,,
,1913,3,14,1407,2973,Awu,Sangihe Is-Indonesia,Indonesia,3.67,125.5,1320,Stratovolcano,2,,,,,,,,,,,,138,3,,,,2,,2,,3
,1913,5,29,,,Asama,Honshu-Japan,Japan,36.4,138.53,2560,Complex volcano,1,T,1,1,,,,,,,,,1,1,,,,,,,,
,1913,6,23,,,Semeru,Java,Indonesia,-8.108,112.92,3676,Stratovolcano,2,,,,,,,,,1,,,,,,,,,,1,,
,1913,12,6,,,Ambrym,Vanuatu-SW Pacific,Vanuatu,-16.25,168.12,1334,Pyroclastic shield,3,T,21,1,,,,,,3,,,21,1,,,,,,3,,
,1914,1,12,1412,2994,Sakura-jima,Kyushu-Japan,Japan,31.58,130.67,1117,Stratovolcano,4,"I,S,A,T",28,1,,,,3,0.04,1,2148,4,63,2,,,112,3,19,3,2268,4
,1914,1,18,,,Pago,New Britain-SW Pac,Papua New Guinea,-5.58,150.52,742,Caldera,3,I,,1,,,,,,,,,,1,,,,,,,,
,1914,9,10,,,White Island,New Zealand,New Zealand,-37.52,177.18,321,Stratovolcano,,A,11,1,,,,,,,,,11,1,,,,,,,,
,1914,,,,,Aoba,Vanuatu-SW Pacific,Vanuatu,-15.4,167.83,1496,Shield volcano,,L,100,2,,,,,,,,,100,2,,,,,,,,
,1916,3,3,,,Tungurahua,Ecuador,Ecuador,-1.467,-78.442,5023,Stratovolcano,4,,,,,,,,,,,,,,,,,,,,,
,1916,7,3,3147,,Stromboli,Italy,Italy,38.789,15.213,926,Stratovolcano,3,,,,,,,,,,,,,,,,,,,1,,
,1917,1,1,,,"Lengai, Ol Doinyo",Africa-E,Tanzania,-2.751,35.902,2890,Stratovolcano,3,,,,,,,,,1,,,,,,,,,,1,,
,1917,4,1,,,Okataina,New Zealand,New Zealand,-38.12,176.5,1111,Lava dome,1,T,2,1,,,3,1,,,,,2,1,,,3,1,,,,
,1917,4,,,,Calbuco,Chile-S,Chile,-41.326,-72.614,2003,Stratovolcano,3,,,,,,,,,,,,,,,,,,,,,
,1917,6,7,,6877,San Salvador,El Salvador,El Salvador,13.736,-89.286,1893,Stratovolcano,3,"S,L",325,3,,,,,,,,,325,3,,,,,,,,
,1918,7,18,1454,,Banua Wuhu,Sangihe Is-Indonesia,Indonesia,3.138,125.491,-5,Submarine volcano,3,,,,,,,,,,,,,,,,,,,,,
,1918,10,12,,,Katla,Iceland-S,Iceland,63.63,-19.05,1512,Subglacial volcano,4,,,,,,,,,1,,,,,,,,,,1,,
,1919,2,19,,,Popocatepetl,Mexico,Mexico,19.023,-98.622,5426,Stratovolcano,1,A,,2,,,,,,,,,,2,,,,,,,,
,1919,4,3,3511,,Banua Wuhu,Sangihe Is-Indonesia,Indonesia,3.138,125.491,-5,Submarine volcano,3,,,,,,,,,1,,1,,,,,,,,1,,1
,1919,5,19,,,Kelut,Java,Indonesia,-7.93,112.308,1731,Stratovolcano,4,M,5110,4,,,,,,,9000,4,5110,4,,,,,,,9000,4
,1919,5,22,1476,,Stromboli,Italy,Italy,38.789,15.213,926,Stratovolcano,3,T,4,1,,,,3,,1,10,1,4,1,,,,3,,1,10,1
,1919,7,6,,,Nasu,Honshu-Japan,Japan,37.12,139.97,1917,Stratovolcano,,G,2,1,,,,,,,,,2,1,,,,,,,,
,1919,9,29,1478,,Mauna Loa,Hawaiian Is,United States,19.475,-155.608,4170,Shield volcano,0,,,,,,,,,,,,,,,,,,,,,
,1920,7,25,,,Merapi,Java,Indonesia,-7.542,110.442,2947,Stratovolcano,3,P,33,1,,,,,,,,,33,1,,,,,,,,
,1920,10,29,,,Izalco,El Salvador,El Salvador,13.813,-89.633,1950,Stratovolcano,3,P,,1,,,,,,,,,,1,,,,,,,,
,1921,11,26,,,Nasu,Honshu-Japan,Japan,37.12,139.97,1917,Stratovolcano,,G,1,1,,,,,,,,,1,1,,,,,,,,
,1923,3,2,5720,10435,"Cendres, Ile des",SE Asia,Vietnam,10.158,109.014,-20,Submarine volcanoes,2,L,,,,,,,,,,,,,,,,,,1,,
,1923,3,11,,,Papandayan,Java,Indonesia,-7.32,107.73,2665,Stratovolcano,1,G,1,1,,,,,,,,,1,1,,,,,,,,
,1923,6,,,,Tangkubanparahu,Java,Indonesia,-6.77,107.6,2084,Stratovolcano,,G,3,1,,,,,,,,,3,1,,,,,,,,
,1923,7,1,,,Kirishima,Kyushu-Japan,Japan,31.93,130.87,1700,Shield volcano,2,,1,1,,,,,,,,,1,1,,,,,,,,
,1924,5,10,,,Kilauea,Hawaiian Is,United States,19.425,-155.292,1222,Shield volcano,2,T,1,1,,,,,,,,,1,1,,,,,,,,
,1926,5,24,,,Tokachi,Hokkaido-Japan,Japan,43.42,142.68,2077,Stratovolcano,3,"M,T",144,3,,,207,3,,,5080,4,144,3,,,207,3,,,5080,4
,1927,9,5,,,Esjufjoll,Iceland-SE,Iceland,64.27,-16.65,1760,Stratovolcano,1,M,1,1,,,,,,,,,1,1,,,,,,,,
,1928,1,23,,,Santorini,Greece,Greece,36.404,25.396,329,Shield volcano,2,S,48,1,,,,,,,,,48,1,,,,,,,,
,1928,1,,,,Mayon,Luzon-Philippines,Philippines,13.257,123.685,2462,Stratovolcano,3,P,,1,,,,,,,,,,1,,,,,,,,
,1928,3,26,1593,,Krakatau,Indonesia,Indonesia,-6.102,105.423,813,Caldera,2,,,,,,,,,,,,,,,,,,,,,
,1928,5,13,,,Dieng Volc Complex,Java,Indonesia,-7.2,109.92,2565,Complex volcano,2,T,40,1,,,,,,,,,40,1,,,,,,,,
,1928,8,4,1607,,Paluweh,Lesser Sunda Is,Indonesia,-8.32,121.708,875,Stratovolcano,3,"W,T",98,2,,,,,,1,,,226,3,,,200,3,,2,,2
,1928,11,2,,,Etna,Italy,Italy,37.734,15.004,3350,Stratovolcano,1,L,5,1,,,,,,,,,5,1,,,,,,,,
,1929,1,6,,,Calbuco,Chile-S,Chile,-41.326,-72.614,2003,Stratovolcano,3,,,,,,,,,,,,,,,,,,,,,
,1929,6,17,,,Komaga-take,Hokkaido-Japan,Japan,42.07,140.68,1140,Stratovolcano,4,T,2,1,,,4,1,,,,,2,1,,,4,1,,,,
,1929,8,2,,,Etna,Italy,Italy,37.734,15.004,3350,Stratovolcano,2,T,2,1,,,,,,,,,2,1,,,,,,,,
,1929,11,2,,,Santa Maria,Guatemala,Guatemala,14.756,-91.552,3772,Stratovolcano,3,"P,M",200,3,,,,,,,,,200,3,,,,,,,,
,1930,3,17,1624,,Krakatau,Indonesia,Indonesia,-6.102,105.423,813,Caldera,2,,,,,,,,,,,,,,,,,,,,,
,1930,8,20,,,Asama,Honshu-Japan,Japan,36.4,138.53,2560,Complex volcano,3,T,6,1,,,,,,,,,6,1,,,,,,,,
,1930,9,11,4218,,Stromboli,Italy,Italy,38.789,15.213,926,Stratovolcano,3,"P,W,T",5,1,,,20,1,,2,,,6,1,,,20,1,,2,,
,1930,12,18,,,Merapi,Java,Indonesia,-7.542,110.442,2947,Stratovolcano,3,"P,M",1369,4,,,,,,3,1109,4,1369,4,,,,,,3,1109,4
,1931,8,20,,,Asama,Honshu-Japan,Japan,36.4,138.53,2560,Complex volcano,3,,3,1,,,,,,,,,3,1,,,,,,,,
,1932,1,21,,,Fuego,Guatemala,Guatemala,14.473,-90.88,3763,Stratovolcano,4,,,1,,,,,,,,,,1,,,,,,,,
,1932,2,,,,Merapi,Java,Indonesia,-7.542,110.442,2947,Stratovolcano,,m,,1,,,,,,,,,,1,,,,,,,,
,1932,10,1,,,Kusatsu-Shirane,Honshu-Japan,Japan,36.62,138.55,2176,Stratovolcano,3,M,2,1,,,7,1,,,,,2,1,,,7,1,,,,
,1933,1,8,1657,,Kharimkotan,Kuril Is,Russia,49.12,154.508,1145,Stratovolcano,5,W,,,,,,,,,,,2,1,,,,,,,,
,1933,5,10,,,Hakone,Honshu-Japan,Japan,35.22,139.02,1438,Complex volcano,,G,1,1,,,,,,,,,1,1,,,,,,,,
,1933,12,24,,,Kuchinoerabu-jima,Ryukyu Is,Japan,30.43,130.22,649,Stratovolcano,4,T,8,1,,,26,1,,,,,8,1,,,26,1,,,,
,1933,12,25,1666,,Bulusan,Luzon-Philippines,Philippines,12.77,124.05,1565,Stratovolcano,2,,,,,,,,,,,,9,1,,,,,,3,,
,1934,,,,,Hood,US-Oregon,United States,45.374,-121.694,3426,Stratovolcano,,G,1,1,,,,,,,,,1,1,,,,,,,,
,1936,2,,,,Asama,Honshu-Japan,Japan,36.4,138.53,2560,Complex volcano,3,"P,T",2,1,,,,,,,,,2,1,,,,,,,,
,1936,8,14,,,Dona Juana,Colombia,Colombia,1.47,-76.92,4150,Stratovolcano,,"A,F",18,1,,,,,,,,,18,1,,,,,,,,
,1937,2,9,,,Llaima,Chile-C,Chile,-38.692,-71.729,3125,Stratovolcano,2,F,3,1,,,,,,1,,,3,1,,,,,,1,,
,1937,5,29,1698,10010,Rabaul,New Britain-SW Pac,Papua New Guinea,-4.271,152.203,688,Pyroclastic shield,4,"P,T,W,I",507,3,,,,,,1,,1,507,3,,,,,,1,,1
,1938,1,28,3638,,Nyamuragira,Africa-C,"Congo, DRC",-1.408,29.2,3058,Shield volcano,1,,,,,,,,,1,,,,,,,,,,1,,
,1938,5,9,,,Bandai,Honshu-Japan,Japan,37.6,140.08,1819,Stratovolcano,,m,2,1,,,,,,,,,2,1,,,,,,,,
,1938,6,5,,,Mayon,Luzon-Philippines,Philippines,13.257,123.685,2462,Stratovolcano,2,,,1,,,,,,,,,,1,,,,,,,,
,1938,7,16,,,Asama,Honshu-Japan,Japan,36.4,138.53,2560,Complex volcano,1,T,,1,,,,,,,,,,1,,,,,,,,
,1939,7,24,5694,,Kick-'em-Jenny,W Indies,Netherlands,12.3,-61.63,-177,Submarine volcano,1,T,,,,,,,,,,,,,,,,,,,,
,1939,8,17,,,Tori-shima,Izu Is-Japan,Japan,30.48,140.32,403,Stratovolcano,2,,2,1,,,,,,,,,2,1,,,,,,,,
,1939,10,13,,,Dieng Volc Complex,Java,Indonesia,-7.2,109.92,2565,Complex volcano,1,T,10,1,,,,,,1,,,10,1,,,,,,1,,
,1940,6,20,,,Karangetang [Api Siau],Sangihe Is-Indonesia,Indonesia,2.78,125.48,1784,Stratovolcano,2,,1,1,,,2,1,,,,,1,1,,,2,1,,,,
,1940,7,12,,,Miyake-jima,Izu Is-Japan,Japan,34.08,139.53,815,Stratovolcano,2,L,11,1,,,20,1,,,,,11,1,,,20,1,,,,
,1940,7,24,,,"Lengai, Ol Doinyo",Africa-E,Tanzania,-2.751,35.902,2890,Stratovolcano,2,,,,,,,,,1,,,,,,,,,,1,,
,1941,7,13,,,Asama,Honshu-Japan,Japan,36.4,138.53,2560,Complex volcano,2,T,1,1,,,1,1,,,,,1,1,,,1,1,,,,
,1941,9,21,,,Semeru,Java,Indonesia,-8.108,112.92,3676,Stratovolcano,2,,,,,,,,,1,,,,,,,,,,1,,
,1943,2,20,,,Michoacan-Guanajuato,Mexico,Mexico,19.48,-102.25,3860,Cinder cone,4,"E,I",3,1,,,,,,,,,103,1,,,,,,,,
,1943,4,13,,,"Azul, Cerro",Galapagos,Ecuador,-0.9,-91.42,1690,Shield volcano,3,T,1,1,,,,,,,,,1,1,,,,,,,,
,1944,3,27,,,Vesuvius,Italy,Italy,40.821,14.426,1281,Complex volcano,2,"T,L,I",27,1,,,,,,,,,27,1,,,,,,,,
,1944,6,10,,,Cleveland,Aleutian Is,United States,52.82,-169.95,1730,Stratovolcano,3,T,1,1,,,,,,,,,1,1,,,,,,,,
,1944,6,23,,,Usu,Hokkaido-Japan,Japan,42.53,140.83,731,Stratovolcano,2,T,1,1,,,,,,,,,1,1,,,,,,,,
,1944,8,20,4227,,Stromboli,Italy,Italy,38.789,15.213,926,Stratovolcano,2,,,,,,,,,,,,,,,,,,,,,
,1944,8,26,,,Usu,Hokkaido-Japan,Japan,42.53,140.83,731,Stratovolcano,2,G,1,1,,,,,,,,,1,1,,,,,,,,
,1944,12,4,,,Dieng Volc Complex,Java,Indonesia,-7.2,109.92,2565,Complex volcano,2,T,117,3,,,250,3,,,,,117,3,,,250,3,,,,
,1946,1,,,,Sakura-jima,Kyushu-Japan,Japan,31.58,130.67,1117,Stratovolcano,2,,1,1,,,,,,,,,1,1,,,,,,,,
,1946,2,,,,Semeru,Java,Indonesia,-8.108,112.92,3676,Stratovolcano,2,F,6,1,,,,,,2,81,2,6,1,,,,,,2,81,2
,1946,10,29,,,Semeru,Java,Indonesia,-8.108,112.92,3676,Stratovolcano,2,,,,,,,,,1,,,,,,,,,,1,,
,1946,11,13,1769,,Sarychev Peak,Kuril Is,Russia,48.092,153.2,1496,Stratovolcano,4,,,,,,,,,,,,,,,,,,,,,
,1947,1,7,,,Mayon,Luzon-Philippines,Philippines,13.257,123.685,2462,Stratovolcano,2,,,1,,,,,,,,,,1,,,,,,,,
,1947,7,6,,,Asama,Honshu-Japan,Japan,36.4,138.53,2560,Complex volcano,2,,11,1,,,,,,,,,11,1,,,,,,,,
,1947,9,16,,,Akagi,Honshu-Japan,Japan,36.53,139.18,1828,Stratovolcano,,m,699,3,,,,,,,,,699,3,,,,,,,,
,1947,11,2,,,Hekla,Iceland-S,Iceland,63.98,-19.7,1491,Stratovolcano,4,L,1,1,,,,,,,,,1,1,,,,,,,,
,1948,4,7,,,Iliwerung,Lesser Sunda Is,Indonesia,-8.54,123.59,1018,Complex volcano,2,,,,,,,,,2,,,,,,,,,,2,,
,1949,1,1,,,Villarrica,Chile-C,Chile,-39.42,-71.93,2847,Stratovolcano,3,M,54,2,,,,,,2,,,54,2,,,,,,2,,
,1949,5,26,,,Purace,Colombia,Colombia,2.32,-76.4,4650,Stratovolcano,2,T,17,1,,,,,,,,,17,1,,,,,,,,
,1949,6,,,,Camiguin,Mindanao-Philippines,Philippines,9.203,124.673,1332,Stratovolcano,3,P,2,1,,,,,,,,,2,1,,,,,,,,
,1950,8,28,,,Semeru,Java,Indonesia,-8.108,112.92,3676,Stratovolcano,1,P,6,1,,,,,,,,,6,1,,,,,,,,
,1950,9,15,,,Camiguin,Mindanao-Philippines,Philippines,9.203,124.673,1332,Stratovolcano,3,P,68,2,,,,,,,,,68,2,,,,,,,,
,1950,9,23,,,Asama,Honshu-Japan,Japan,36.4,138.53,2560,Complex volcano,2,T,1,1,,,1,1,,,,1,1,1,,,1,1,,,,1
,1951,1,21,,,Lamington,New Guinea,Papua New Guinea,-8.95,148.15,1680,Stratovolcano,4,P,2942,4,,,,2,,,,,2942,4,,,,2,,,,
,1951,8,3,3383,3974,Cosiguina,Nicaragua,Nicaragua,12.98,-87.57,872,Stratovolcano,,,,,,,,,,,,,,,,,,,,3,,2
,1951,8,31,,,Kelut,Java,Indonesia,-7.93,112.308,1731,Stratovolcano,3,,7,1,,,,,,,,,7,1,,,,,,,,
,1951,11,5,,,Hakone,Honshu-Japan,Japan,35.22,139.02,1438,Complex volcano,,G,2,1,,,,,,,,,2,1,,,,,,,,
,1951,12,4,,,Camiguin,Mindanao-Philippines,Philippines,9.203,124.673,1332,Stratovolcano,3,P,500,3,1500,4,,,,,,,500,3,1500,4,,,,,,
,1951,,,1816,,Kavachi,Solomon Is-SW Pacifi,Solomon Is.,-9.02,157.95,-20,Submarine volcano,2,,,,,,,,,,,,,,,,,,,,,
,1952,3,27,,,Hakone,Honshu-Japan,Japan,35.22,139.02,1438,Complex volcano,,G,1,1,,,,,,,,,1,1,,,,,,,,
,1952,9,16,1824,,Myojun Knoll,Izu Is-Japan,Japan,32.1,139.85,360,Submarine volcano,2,,,,,,,,,,,,,,,,,,,,,
,1952,9,23,1825,,Myojun Knoll,Izu Is-Japan,Japan,32.1,139.85,360,Submarine volcano,2,,,,,,,,,,,,,,,,,,,,,
,1952,9,24,1826,,Myojun Knoll,Izu Is-Japan,Japan,32.1,139.85,360,Submarine volcano,2,P,31,1,,,,,,1,,,31,1,,,,,,1,,
,1952,9,26,1827,,Myojun Knoll,Izu Is-Japan,Japan,32.1,139.85,360,Submarine volcano,2,,,,,,,,,,,,,,,,,,,,,
,1952,,,,,Ambalatungan Group,Luzon-Philippines,Philippines,17.32,121.1,2329,Compound volcano,1,,12,1,,,,,,,,,12,1,,,,,,,,
,1953,3,11,1833,,Myojun Knoll,Izu Is-Japan,Japan,32.1,139.85,360,Submarine volcano,2,,,,,,,,,,,,,,,,,,,,,
,1953,3,23,,,Merapi,Java,Indonesia,-7.542,110.442,2947,Stratovolcano,3,P,64,2,,,57,2,,2,144,3,64,2,,,57,2,,2,144,3
,1953,3,25,5566,,Myojun Knoll,Izu Is-Japan,Japan,32.1,139.85,360,Submarine volcano,2,,,,,,,,,,,,,,,,,,,,,
,1953,4,27,,,Aso,Kyushu-Japan,Japan,32.88,131.1,1592,Caldera,2,T,6,1,,,,,,,,,6,1,,,,,,,,
,1953,6,27,1838,,St. Andrew Strait,Admiralty Is-SW Paci,Papua New Guinea,-2.38,147.35,270,Complex volcano,0,,,,,,,,,,,,,,,,,,,1,,
,1953,6,,,,Sirung,Lesser Sunda Is,Indonesia,-8.51,124.148,862,Complex volcano,0,,5,1,,,1,1,,,,,5,1,,,1,1,,,,
,1953,7,26,,,Hakone,Honshu-Japan,Japan,35.22,139.02,1438,Complex volcano,,A,10,1,,,,,,,,,10,1,,,,,,,,
,1953,10,5,,,Oshima,Izu Is-Japan,Japan,34.73,139.38,758,Stratovolcano,1,,1,1,,,,,,,,,1,1,,,,,,,,
,1953,12,24,,,Ruapehu,New Zealand,New Zealand,-39.28,175.57,2797,Stratovolcano,,m,151,3,,,,,,,,,151,3,,,,,,,,
,1954,2,,3395,,Stromboli,Italy,Italy,38.789,15.213,926,Stratovolcano,,,,,,,,,,,,,,,,,,,,,,
,1954,7,21,,,Tate-yama,Honshu-Japan,Japan,36.57,137.6,2621,Stratovolcano,,G,1,1,,,,,,,,,1,1,,,,,,,,
,1954,8,3,,,Bam,New Guinea-NE of,Papua New Guinea,-3.6,144.85,685,Stratovolcano,2,I,,,,,,2,,,,,25,1,,,,2,,,,
,1954,,,,,Camiguin,Mindanao-Philippines,Philippines,9.203,124.673,1332,Stratovolcano,,m,2,1,,,,,,,,,2,1,,,,,,,,
,1955,7,26,,,Carran-Los Venados,Chile-C,Chile,-40.35,-72.07,1114,Pyroclastic cone,4,G,2,1,,,,,,,,,2,1,,,,,,,,
,1955,10,13,,,Sakura-jima,Kyushu-Japan,Japan,31.58,130.67,1117,Stratovolcano,3,,,1,,,,,,,,,,1,,,,,,,,
,1956,3,30,1856,,Bezymianny,Kamchatka,Russia,55.978,160.587,2882,Stratovolcano,5,,,,,,,,,,,,,,,,,,,,,
,1957,3,11,,4116,Vsevidof,Aleutian Is,United States,53.13,-168.68,2149,Stratovolcano,2,,,,,,,,,,,,,,,,,,,,,
,1957,7,,,,Unzen,Kyushu-Japan,Japan,32.75,130.3,1500,Complex volcano,,m,13,1,,,,,,,,,13,1,,,,,,,,
,1957,8,,,,Oshima,Izu Is-Japan,Japan,34.73,139.38,758,Stratovolcano,2,T,1,1,,,53,2,,,,,1,1,,,53,2,,,,
,1957,10,,,,Aso,Kyushu-Japan,Japan,32.88,131.1,1592,Caldera,2,T,12,1,,,,,,,,,12,1,,,,,,,,
,1958,7,12,,,Mahawu,Sulawesi-Indonesia,Indonesia,1.358,124.858,1324,Stratovolcano,2,M,1,1,,,10,1,,,,,1,1,,,10,1,,,,
,1958,7,21,,,Daisetsu,Hokkaido-Japan,Japan,43.68,142.88,2290,Stratovolcano,,G,2,1,,,,,,,,,2,1,,,,,,,,
,1958,10,7,1882,,Kuwae,Vanuatu-SW Pacific,Vanuatu,-16.829,168.536,-2,Caldera,2,,,,,,,,,,,,,,,,,,,,,
,1960,5,25,1902,4227,Puyehue,Chile-C,Chile,-40.59,-72.117,2236,Stratovolcano,3,,,,,,,,,,,,,,,,,,,,,
,1961,1,25,,,Calbuco,Chile-S,Chile,-41.326,-72.614,2003,Stratovolcano,3,,,,,,,,,1,,,,,,,,,,,,
,1961,4,23,,,Tate-yama,Honshu-Japan,Japan,36.57,137.6,2621,Stratovolcano,,G,1,1,,,,,,,,,1,1,,,,,,,,
,1961,5,8,,,Merapi,Java,Indonesia,-7.542,110.442,2947,Stratovolcano,3,P,6,1,,,6,1,,2,,3,6,1,,,6,1,,2,,3
,1961,6,18,,,Daisetsu,Hokkaido-Japan,Japan,43.68,142.88,2290,Stratovolcano,,G,2,1,,,,,,,,,2,1,,,,,,,,
,1961,8,18,,,Asama,Honshu-Japan,Japan,36.4,138.53,2560,Complex volcano,2,T,1,1,,,,,,,,,1,1,,,,,,,,
,1962,6,29,,,Tokachi,Hokkaido-Japan,Japan,43.42,142.68,2077,Stratovolcano,3,T,5,1,,,11,1,,,,,5,1,,,11,1,,,,
,1962,10,,,,Merapi,Java,Indonesia,-7.542,110.442,2947,Stratovolcano,,m,2,1,,,,,,,,,2,1,,,,,,,,
,1962,12,31,,,Gamalama,Halmahera-Indonesia,Indonesia,0.8,127.325,1715,Stratovolcano,2,,5,1,,,5,1,,,,,5,1,,,5,1,,,,
,1963,3,17,,,Irazu,Costa Rica,Costa Rica,9.979,-83.852,3432,Stratovolcano,3,T,15,1,,,,,,,,,15,1,,,,,,,,
,1963,3,18,1942,,Agung,Lesser Sunda Is,Indonesia,-8.342,115.508,3142,Stratovolcano,5,"P,T,M,A",1028,4,,3,624,3,,,,,1028,4,,3,624,3,,,,
,1963,5,5,,,Semeru,Java,Indonesia,-8.108,112.92,3676,Stratovolcano,2,T,1,1,,,,,,,,,1,1,,,,,,,,
,1963,5,16,,4292,Agung,Lesser Sunda Is,Indonesia,-8.342,115.508,3142,Stratovolcano,3,,120,2,,,,,,,,,120,2,,,,,,,,
,1963,5,21,,,Villarrica,Chile-C,Chile,-39.42,-71.93,2847,Stratovolcano,2,M,,1,,,,,,,,,,1,,,,,,,,
,1963,9,5,,,Batur,Lesser Sunda Is,Indonesia,-8.242,115.375,1717,Caldera,2,,2,1,,,,,,,,1,2,1,,,,,,,,1
,1963,9,28,,,Fuego,Guatemala,Guatemala,14.473,-90.88,3763,Stratovolcano,3,M,7,1,,,,,,,,,7,1,,,,,,,,
,1963,12,10,,,Irazu,Costa Rica,Costa Rica,9.979,-83.852,3432,Stratovolcano,3,"M,T",40,1,,,,1,,2,400,3,40,1,,,,1,,2,400,3
,1964,1,1,,,Paluweh,Lesser Sunda Is,Indonesia,-8.32,121.708,875,Stratovolcano,2,,1,1,,,3,1,,,,,1,1,,,3,1,,,,
,1964,3,3,,,Villarrica,Chile-C,Chile,-39.42,-71.93,2847,Stratovolcano,2,M,25,1,,,,,,,,,25,1,,,,,,,,
,1964,12,13,,,Dieng Volc Complex,Java,Indonesia,-7.2,109.92,2565,Complex volcano,1,,114,3,,,,,,,,,114,3,,,,,,,,
,1965,9,28,1977,,Taal,Luzon-Philippines,Philippines,14.002,120.993,400,Stratovolcano,4,"P,W",355,3,,,,,,1,,1,355,3,,,,,,1,,1
,1965,10,24,5695,,Kick-'em-Jenny,W Indies,Netherlands,12.3,-61.63,-177,Submarine volcano,0,,,,,,,,,,,,,,,,,,,,,
,1966,1,13,5478,,Tinakula,Santa Cruz Is-SW Pac,Solomon Is.,-10.38,165.8,851,Stratovolcano,3,,,,,,,,,,,,,,,,,,,,,
,1966,4,26,,,Kelut,Java,Indonesia,-7.93,112.308,1731,Stratovolcano,4,"M,m,P",215,3,78,2,86,2,,,,,215,3,78,2,86,2,,,,
,1966,8,12,,,Awu,Sangihe Is-Indonesia,Indonesia,3.67,125.5,1320,Stratovolcano,4,"P,M,I",39,1,,,1000,3,,,,2,39,1,,,1000,3,,,,2
,1966,8,14,,,"Lengai, Ol Doinyo",Africa-E,Tanzania,-2.751,35.902,2890,Stratovolcano,4,,,,,,,,,1,,,,,,,,,,1,,
,1967,7,8,,,"Lengai, Ol Doinyo",Africa-E,Tanzania,-2.751,35.902,2890,Stratovolcano,3,,,,,,,,,1,,,,,,,,,,1,,
,1967,8,31,,,Semeru,Java,Indonesia,-8.108,112.92,3676,Stratovolcano,3,M,3,1,,,,,,1,,,3,1,,,,,,1,,
,1967,12,4,1992,,Deception Island,Antarctica,Antarctica,-62.97,-60.65,576,Caldera,3,,,,,,,,,,,,,,,,,,,,,
,1968,4,21,,,Mayon,Luzon-Philippines,Philippines,13.257,123.685,2462,Stratovolcano,3,"M,P",6,1,,,,,,,,,6,1,,,,,,,,
,1968,7,29,,,Arenal,Costa Rica,Costa Rica,10.463,-84.703,1657,Stratovolcano,3,"P,T",80,2,,,,,,,,,80,2,,,,,,,,
,1969,1,7,,,Merapi,Java,Indonesia,-7.542,110.442,2947,Stratovolcano,2,P,3,1,,,,,,,,,3,1,,,,,,,,
,1969,1,28,,,Iya,Lesser Sunda Is,Indonesia,-8.88,121.63,637,Stratovolcano,3,"T,m",2,1,,,10,1,,,287,3,2,1,,,10,1,,,287,3
,1969,3,21,2872,,Didicas,Luzon-N of,Philippines,19.077,122.202,244,Compound volcano,2,W,,,,,,,,,,,3,1,,,,,,,,
,1969,8,26,,,Narugo,Honshu-Japan,Japan,38.73,140.73,462,Caldera,,G,1,1,,,,,,,,,1,1,,,,,,,,
,1970,3,2,,,Campi Flegrei,Italy,Italy,40.827,14.139,458,Caldera,,S,3,1,,,,,,1,,1,3,1,,,,,,1,,1
,1970,5,5,,,Hekla,Iceland-S,Iceland,63.98,-19.7,1491,Stratovolcano,3,,,,,,,,,1,,,,,,,,,,1,,
,1971,8,12,,,"Hudson, Cerro",Chile-S,Chile,-45.9,-72.97,1905,Stratovolcano,3,M,5,1,,,,,,,,,3,1,,,,,,,,
,1971,9,6,2043,,Tinakula,Santa Cruz Is-SW Pac,Solomon Is.,-10.38,165.8,851,Stratovolcano,2,,,,,,,,,,,,,,,,,,,,,
,1971,9,14,,,Fuego,Guatemala,Guatemala,14.473,-90.88,3763,Stratovolcano,3,"M,T",10,1,,,,,,,,,10,1,,,,,,,,
,1971,10,26,,,La Palma,Canary Is,Spain,28.58,-17.83,2426,Stratovolcano,2,,,1,,,,,,1,,,,1,,,,,,1,,
,1971,10,29,,,Villarrica,Chile-C,Chile,-39.42,-71.93,2847,Stratovolcano,2,M,15,1,,,,,,,,,15,1,,,,,,,,
,1971,12,27,,,Kusatsu-Shirane,Honshu-Japan,Japan,36.62,138.55,2176,Stratovolcano,,G,6,1,,,,,,,,,6,1,,,,,,,,
,1972,6,9,,,"Fournaise, Piton de la",Indian O-W,Reunion,-21.229,55.713,2631,Shield volcano,2,I,3,1,,,,,,,,,3,1,,,,,,,,
,1972,10,2,,,Hakone,Honshu-Japan,Japan,35.22,139.02,1438,Complex volcano,,,2,1,,,,,,,,,2,1,,,,,,,,
,1972,10,9,2054,,Ritter Island,New Guinea-NE of,Papua New Guinea,-5.52,148.121,140,Stratovolcano,1,,,,,,,,,,,,,,,,,,,,,
,1973,1,27,,,Vestmannaeyjar,Iceland-S,Iceland,63.43,-20.28,279,Submarine volcano,3,G,1,1,,,,,,,,,1,1,,,,,,,,
,1973,1,,,,Paluweh,Lesser Sunda Is,Indonesia,-8.32,121.708,875,Stratovolcano,3,,,,,,,,,1,,1,,,,,,,,1,,1
,1973,4,5,,,"Hudson, Cerro",Chile-S,Chile,-45.9,-72.97,1905,Stratovolcano,,M,2,1,,,,,,1,,1,2,1,,,,,,1,,1
,1973,12,,5761,,Iliwerung,Lesser Sunda Is,Indonesia,-8.54,123.59,1018,Complex volcano,2,W,,,,,,,,,,,2,1,,,,,,,,
,1974,2,11,,,Karangetang [Api Siau],Sangihe Is-Indonesia,Indonesia,2.78,125.48,1784,Stratovolcano,3,A,4,1,,,,,,,,,4,1,,,,,,,,
,1974,6,17,,,Sakura-jima,Kyushu-Japan,Japan,31.58,130.67,1117,Stratovolcano,3,M,3,1,,,,,,,,,3,1,,,,,,,,
,1974,7,28,,,Niigata-Yake-yama,Honshu-Japan,Japan,36.92,138.03,2400,Lava dome,2,T,3,1,,,,,,,,,3,1,,,,,,,,
,1974,8,9,,,Sakura-jima,Kyushu-Japan,Japan,31.58,130.67,1117,Stratovolcano,3,M,5,1,,,,,,,,,5,1,,,,,,,,
,1974,10,10,,,Fuego,Guatemala,Guatemala,14.473,-90.88,3763,Stratovolcano,4,"T,M",,1,,,,,,2,,3,,1,,,,,,2,,3
,1974,10,17,2069,,Ritter Island,New Guinea-NE of,Papua New Guinea,-5.52,148.121,140,Stratovolcano,1,,,,,,,,,,,,,,,,,,,,,
,1974,10,22,,,Merapi,Java,Indonesia,-7.542,110.442,2947,Stratovolcano,2,M,9,1,,,,,,,6,1,9,1,,,,,,,6,1
,1975,1,,,,Marapi,Sumatra,Indonesia,-0.381,100.473,2891,Complex volcano,2,M,80,2,,,,,,3,,3,80,2,,,,,,3,,3
,1975,6,17,,,Arenal,Costa Rica,Costa Rica,10.463,-84.703,1657,Stratovolcano,3,,2,1,,,,1,,,,,2,1,,,,1,,,,
,1975,11,29,2080,4704,Kilauea,Hawaiian Is,United States,19.425,-155.292,1222,Shield volcano,0,W,,,,,,,,,,,2,1,,,,1,4,2,,
,1976,8,3,,,Kusatsu-Shirane,Honshu-Japan,Japan,36.62,138.55,2176,Stratovolcano,,G,3,1,,,,,,,,,3,1,,,,,,,,
,1976,8,12,,,Sangay,Ecuador,Ecuador,-2.03,-78.33,5230,Stratovolcano,3,T,2,1,,,4,1,,,,,2,1,,,4,1,,,,
,1976,8,31,,,Semeru,Java,Indonesia,-8.108,112.92,3676,Stratovolcano,2,M,119,3,,,,,,,,,119,3,,,,,,,,
,1976,9,15,,,Karangetang [Api Siau],Sangihe Is-Indonesia,Indonesia,2.78,125.48,1784,Stratovolcano,2,P,1,1,,,1,1,,,24,1,1,1,,,1,1,,,24,1
,1976,11,25,,,Merapi,Java,Indonesia,-7.542,110.442,2947,Stratovolcano,2,M,29,1,,,,,,,,,29,1,,,,,,,,
,1977,1,10,,,Nyiragongo,Africa-C,"Congo, DRC",-1.52,29.25,3470,Stratovolcano,1,L,,2,,,,,,3,,,,2,,,,,,3,,
,1977,4,5,,,Karthala,Indian O-W,Comoros,-11.75,43.38,2361,Shield volcano,0,,,1,,,,,,1,,,,1,,,,,,1,,
,1977,4,27,,,Krafla,Iceland-NE,Iceland,65.73,-16.78,650,Caldera,1,,,,,,,,,1,,,,,,,,,,1,,
,1977,8,2,,,Kliuchevskoi,Kamchatka,Russia,56.057,160.638,4835,Stratovolcano,3,T,1,1,,,,,,,,,1,1,,,,,,,,
,1977,8,7,,,Usu,Hokkaido-Japan,Japan,42.53,140.83,731,Stratovolcano,3,I,3,1,,,,,,,,,3,1,,,,,,,,
,1978,1,13,,,Usu,Hokkaido-Japan,Japan,42.53,140.83,731,Stratovolcano,3,m,3,1,,,2,1,,,,,3,1,,,2,1,,,,
,1978,7,29,,,Bulusan,Luzon-Philippines,Philippines,12.77,124.05,1565,Stratovolcano,2,,,,,,,,,1,,,,,,,,,,1,,
,1978,9,2,,,Santa Maria,Guatemala,Guatemala,14.756,-91.552,3772,Stratovolcano,3,M,1,1,,,,,,,,,1,1,,,,,,,,
,1978,9,19,,,Semeru,Java,Indonesia,-8.108,112.92,3676,Stratovolcano,3,M,12,1,,,,,,,,,12,1,,,,,,,,
,1978,,,,,Tangkubanparahu,Java,Indonesia,-6.77,107.6,2084,Stratovolcano,,I,3,1,,,,,,,,,3,1,,,,,,,,
,1979,2,20,,,Dieng Volc Complex,Java,Indonesia,-7.2,109.92,2565,Complex volcano,1,G,149,3,,,,,,,,,149,3,,,,,,,,
,1979,3,8,,,Karkar,New Guinea-NE of,Papua New Guinea,-4.649,145.964,1839,Stratovolcano,2,P,2,1,,,,,,,,,2,1,,,,,,,,
,1979,4,13,,,Soufriere St. Vincent,W Indies,St. Vincent & the Grenadines,13.33,-61.18,1220,Stratovolcano,3,"T,P",2,1,,,,,,,,,2,1,,,,,,,,
,1979,7,5,,,Etna,Italy,Italy,37.734,15.004,3350,Stratovolcano,2,T,9,1,,,23,1,,,,,9,1,,,23,1,,,,
,1979,7,18,2115,,Iliwerung,Lesser Sunda Is,Indonesia,-8.54,123.59,1018,Complex volcano,,W,,,,,,,,,,,1239,4,,,32,1,,3,,3
,1979,9,6,,,Aso,Kyushu-Japan,Japan,32.88,131.1,1592,Caldera,2,T,3,1,,,11,1,,,,,3,1,,,11,1,,,,
,1980,5,18,3018,4876,St. Helens,US-Washington,United States,46.2,-122.18,2549,Stratovolcano,5,"P,M,T",57,2,,,,,2000,4,,,61,2,,,,,2000,4,,
,1980,8,17,,,Hekla,Iceland-S,Iceland,63.98,-19.7,1491,Stratovolcano,3,,,,,,,,,1,,,,,,,,,,1,,
,1980,12,25,,,Hood,US-Oregon,United States,45.374,-121.694,3426,Stratovolcano,,m,1,1,,,,,,,,,1,1,,,,,,,,
,1981,3,17,,,Etna,Italy,Italy,37.734,15.004,3350,Stratovolcano,2,,,,,,,,10,3,,,,,,,,,,,,
,1981,3,29,,,Semeru,Java,Indonesia,-8.108,112.92,3676,Stratovolcano,3,P,1,1,,,,,,,,,1,1,,,,,,,,
,1981,4,27,,,Alaid,Kuril Is,Russia,50.858,155.55,2339,Stratovolcano,2,,,,,,,,,1,,,,,,,,,,1,,
,1981,5,14,,,Semeru,Java,Indonesia,-8.108,112.92,3676,Stratovolcano,3,m,372,3,120,3,152,3,,,,,372,3,120,3,152,3,,,,
,1981,6,30,,,Mayon,Luzon-Philippines,Philippines,13.257,123.685,2462,Stratovolcano,,m,200,3,,,,,,,,,200,3,,,,,,,,
,1981,9,5,,,Paluweh,Lesser Sunda Is,Indonesia,-8.32,121.708,875,Stratovolcano,2,P,,,,,,,,1,,1,,,,,,,,1,,1
,1981,10,20,5759,,Krakatau,Indonesia,Indonesia,-6.102,105.423,813,Caldera,1,"A,T,W",,,,,,,,,,,,,,,,,,,,
,1981,,,,,Vilyuchik,Kamchatka,Russia,52.68,158.3,2173,Stratovolcano,,A,,1,,,,,,,,,,1,,,,,,,,
,1982,3,29,,7221,"Chichon, El",Mexico,Mexico,17.36,-93.228,1150,Tuff cone,5,"P,T,M,S",1879,4,1755,4,,,3.3,2,,,1879,4,1755,4,,,3.3,2,,
,1982,4,4,,,"Chichon, El",Mexico,Mexico,17.36,-93.228,1150,Tuff cone,5,P,33,1,,,,,,,,,33,1,,,,,,,,
,1982,5,17,,,Galunggung,Java,Indonesia,-7.25,108.05,2168,Stratovolcano,4,"I,T",68,2,,,,,15,3,,,68,2,,,,,15,3,,
,1982,5,27,,,"Chichon, El",Mexico,Mexico,17.36,-93.228,1150,Tuff cone,5,m,1,1,,,,,,,,,1,1,,,,,,,,
,1983,3,8,,,Kliuchevskoi,Kamchatka,Russia,56.057,160.638,4835,Stratovolcano,2,T,1,1,,,,,,,,,1,1,,,,,,,,
,1983,7,23,,,Colo [Una Una],Sulawesi-Indonesia,Indonesia,-0.17,121.608,507,Stratovolcano,4,,,,,,,,,2,,3,,,,,,,,2,,3
,1983,8,17,4702,,Iliwerung,Lesser Sunda Is,Indonesia,-8.54,123.59,1018,Complex volcano,1,W,,,,,,,,,,,,,,,,,,,,
,1983,10,3,,4990,Miyake-jima,Izu Is-Japan,Japan,34.08,139.53,815,Stratovolcano,3,,,,,,,,,1,,,,,,,,,,2,,
,1984,8,15,,,Oku Volc Field,Africa-W,Cameroon,6.25,10.5,3011,Maar,,G,37,1,,,,,,,,,37,1,,,,,,,,
,1984,9,9,,,Mayon,Luzon-Philippines,Philippines,13.257,123.685,2462,Stratovolcano,3,M,1,1,,,,,,,,,1,1,,,,,,,,
,1984,9,14,,,On-take,Honshu-Japan,Japan,35.9,137.48,3063,Complex volcano,,A,29,1,,,,,,,,,29,1,,,,,,,,
,1984,10,16,,,Etna,Italy,Italy,37.734,15.004,3350,Stratovolcano,3,S,1,1,,,,,,,,,1,1,,,,,,,,
,1985,5,10,,,Semeru,Java,Indonesia,-8.108,112.92,3676,Stratovolcano,3,A,70,2,,,,,,,,,70,2,,,,,,,,
,1985,11,13,,,Ruiz,Colombia,Colombia,4.895,-75.322,5321,Stratovolcano,3,M,23080,4,,,10000,4,,,,,23080,4,,,10000,4,,,,
,1985,12,19,,,Etna,Italy,Italy,37.734,15.004,3350,Stratovolcano,1,S,1,1,,,,,,,,,1,1,,,,,,,,
,1986,5,8,,,Akita-Yake-yama,Honshu-Japan,Japan,39.97,140.77,1366,Complex volcano,,G,1,1,,,,,,,,,1,1,,,,,,,,
,1986,7,24,,,Stromboli,Italy,Italy,38.789,15.213,926,Stratovolcano,2,T,1,1,,,,,,,,,1,1,,,,,,,,
,1986,8,21,,,Oku Volc Field,Africa-W,Cameroon,6.25,10.5,3011,Maar,3,G,1700,4,,,300,3,,,,,1700,4,,,300,3,,,,
,1986,10,15,,,Merapi,Java,Indonesia,-7.542,110.442,2947,Stratovolcano,2,M,1,1,,,,,,,,,1,1,,,,,,,,
,1986,11,15,,,Oshima,Izu Is-Japan,Japan,34.73,139.38,758,Stratovolcano,3,I,1,1,,,,,,,,,1,1,,,,,,,,
,1987,1,25,,,Pacaya,Guatemala,Guatemala,14.381,-90.601,2552,Complex volcano,3,,,,,,15,1,,1,63,2,,,,,15,1,,1,63,2
,1987,4,17,,,Etna,Italy,Italy,37.734,15.004,3350,Stratovolcano,2,T,2,1,,,7,1,,,,,2,1,,,7,1,,,,
,1987,12,1,,5150,Sirung,Lesser Sunda Is,Indonesia,-8.51,124.148,862,Complex volcano,,,,,,,,,,,,,125,3,,,,3,5,3,237,3
,1988,5,9,,,Banda Api,Banda Sea,Pacific Ocean,-4.525,129.871,640,Caldera,3,"T,L",4,1,,,,,,,,,4,1,,,,,,,,
,1988,7,6,,,Arenal,Costa Rica,Costa Rica,10.463,-84.703,1657,Stratovolcano,3,T,1,1,,,,,,,,,1,1,,,,,,,,
,1988,7,30,,,Semeru,Java,Indonesia,-8.108,112.92,3676,Stratovolcano,3,T,1,1,,,,,,,,,1,1,,,,,,,,
,1988,12,25,,,Lonquimay,Chile-C,Chile,-38.377,-71.58,2865,Stratovolcano,3,T,1,1,,,,,,,,,1,1,,,,,,,,
,1988,,,,,Akita-Yake-yama,Honshu-Japan,Japan,39.97,140.77,1366,Complex volcano,,I,3,1,,,,,,,,,3,1,,,,,,,,
,1989,2,12,,,Aso,Kyushu-Japan,Japan,32.88,131.1,1592,Caldera,,G,1,1,,,,,,,,,1,1,,,,,,,,
,1989,8,26,,,Kirishima,Kyushu-Japan,Japan,31.93,130.87,1700,Shield volcano,,G,2,1,,,,,,,,,2,1,,,,,,,,
,1990,2,2,,,Shiveluch,Kamchatka,Russia,56.653,161.36,3283,Stratovolcano,3,,,,,,,,,1,,,,,,,,,,1,,
,1990,2,10,,,Kelut,Java,Indonesia,-7.93,112.308,1731,Stratovolcano,4,"T,P",32,1,,,,,,,,,32,1,,,,,,,,
,1990,3,26,,,Aso,Kyushu-Japan,Japan,32.88,131.1,1592,Caldera,2,G,1,1,,,,,,,,,1,1,,,,,,,,
,1990,4,18,,,Aso,Kyushu-Japan,Japan,32.88,131.1,1592,Caldera,2,G,1,1,,,,,,,,,1,1,,,,,,,,
,1990,5,29,,,Sabancaya,Peru,Peru,-15.78,-71.85,5967,Stratovolcano,3,,,,,,,,,1,,,,,,,,,,1,,
,1990,6,24,,,Rabaul,New Britain-SW Pac,Papua New Guinea,-4.271,152.203,688,Pyroclastic shield,,G,6,1,,,,,,,,,6,1,,,,,,,,
,1990,7,19,,,Santa Maria,Guatemala,Guatemala,14.756,-91.552,3772,Stratovolcano,3,T,4,1,,,,,,,,,4,1,,,,,,,,
,1990,10,19,,,Aso,Kyushu-Japan,Japan,32.88,131.1,1592,Caldera,2,G,1,1,,,,,,,,,1,1,,,,,,,,
,1990,11,21,,,Nyiragongo,Africa-C,"Congo, DRC",-1.52,29.25,3470,Stratovolcano,,S,1,1,,,,,,,,,1,1,,,,,,,,
,1990,11,25,,,Kelut,Java,Indonesia,-7.93,112.308,1731,Stratovolcano,,m,4,1,,,,,,,,,4,1,,,,,,,,
,1991,6,3,,,Unzen,Kyushu-Japan,Japan,32.75,130.3,1500,Complex volcano,1,P,43,1,,,,,,,,,43,1,,,,,,,,
,1991,6,15,,5292,Pinatubo,Luzon-Philippines,Philippines,15.13,120.35,1486,Stratovolcano,6,"P,m,I",350,3,,,4,1,,3,,,800,3,,,4,1,,3,,
,1991,6,,,,Mutnovsky,Kamchatka,Russia,52.453,158.195,2322,Complex volcano,,I,1,1,,,,,,,,,1,1,,,,,,,,
,1991,7,3,,,Karthala,Indian O-W,Comoros,-11.75,43.38,2361,Shield volcano,2,,,,,,,,,1,,,,,,,,,,1,,
,1991,8,8,,,"Hudson, Cerro",Chile-S,Chile,-45.9,-72.97,1905,Stratovolcano,5,,,,,,,,,1,,,,,,,,,,1,,
,1991,10,24,,,Lokon-Empung,Sulawesi-Indonesia,Indonesia,1.358,124.792,1580,Stratovolcano,1,"T,P",1,1,,,,,,,,,1,1,,,,,,,,
,1991,12,14,,,Etna,Italy,Italy,37.734,15.004,3350,Stratovolcano,2,,,,,,,,2.5,2,,,,,,,,,2.5,2,,
,1992,1,21,,,Karangetang [Api Siau],Sangihe Is-Indonesia,Indonesia,2.78,125.48,1784,Stratovolcano,2,M,2,1,,,,,,,,,2,1,,,,,,,,
,1992,3,18,,,Dieng Volc Complex,Java,Indonesia,-7.2,109.92,2565,Complex volcano,,G,1,1,,,2,1,,,,,1,1,,,2,1,,,,
,1992,4,10,,,"Negro, Cerro",Nicaragua,Nicaragua,12.506,-86.702,728,Cinder cone,3,"T,I",11,1,,,50,1,3,2,,1,11,1,,,50,1,3,2,,1
,1992,5,11,,,Karangetang [Api Siau],Sangihe Is-Indonesia,Indonesia,2.78,125.48,1784,Stratovolcano,1,P,6,1,,,1,1,,,,,6,1,,,1,1,,,,
,1992,7,5,,,Marapi,Sumatra,Indonesia,-0.381,100.473,2891,Complex volcano,2,T,1,1,,,5,1,,,,,1,1,,,5,1,,,,
,1992,7,12,,,Pinatubo,Luzon-Philippines,Philippines,15.13,120.35,1486,Stratovolcano,1,m,6,1,,,,,,,,,6,1,,,,,,,,
,1992,9,17,,,Spurr,Alaska-SW,United States,61.3,-152.25,3374,Stratovolcano,4,I,1,1,,,,,2,2,,,1,1,,,,,2,2,,
,1992,,,,,Semeru,Java,Indonesia,-8.108,112.92,3676,Stratovolcano,3,T,3,1,,,,,,,,,3,1,,,,,,,,
,1993,1,14,,,Galeras,Colombia,Colombia,1.22,-77.37,4276,Complex volcano,2,T,9,1,,,,,,,,,9,1,,,,,,,,
,1993,1,21,,,Wurlali,Banda Sea,Indonesia,-7.125,128.675,868,Stratovolcano,,m,1,1,,,12,1,,,,,1,1,,,12,1,,,,
,1993,2,2,,,Mayon,Luzon-Philippines,Philippines,13.257,123.685,2462,Stratovolcano,2,P,75,2,,,,,,,,,75,2,,,,,,,,
,1993,3,12,,,Guagua Pichincha,Ecuador,Ecuador,-0.171,-78.598,4784,Stratovolcano,1,T,2,1,,,,,,,,,2,1,,,,,,,,
,1993,4,19,,,Kilauea,Hawaiian Is,United States,19.425,-155.292,1222,Shield volcano,,A,1,1,,,22,1,,,,,1,1,,,22,1,,,,
,1993,6,13,,,Krakatau,Indonesia,Indonesia,-6.102,105.423,813,Caldera,1,T,1,1,,,5,1,,,,,1,1,,,5,1,,,,
,1993,6,23,,,Unzen,Kyushu-Japan,Japan,32.75,130.3,1500,Complex volcano,1,P,1,1,,,,,,,,1,1,1,,,,,,,,1
,1993,6,26,,,Pinatubo,Luzon-Philippines,Philippines,15.13,120.35,1486,Stratovolcano,1,m,4,1,,,,,,,,,4,1,,,,,,,,
,1993,10,4,,,Pinatubo,Luzon-Philippines,Philippines,15.13,120.35,1486,Stratovolcano,,m,14,1,,,,,,,,,14,1,,,,,,,,
,1994,1,15,,,Yasur,Vanuatu-SW Pacific,Vanuatu,-19.52,169.425,361,Stratovolcano,3,T,1,1,,,,,,,,,1,1,,,,,,,,
,1994,2,3,,,Semeru,Java,Indonesia,-8.108,112.92,3676,Stratovolcano,3,P,6,1,,,,,,,,,6,1,,,,,,,,
,1994,5,29,,,Aso,Kyushu-Japan,Japan,32.88,131.1,1592,Caldera,1,G,1,1,,,,,,,,,1,1,,,,,,,,
,1994,6,6,,5387,Huila,Colombia,Colombia,2.92,-76.05,5365,Stratovolcano,,m,,,,,,,,,,,650,3,,,,,2.4,2,200,3
,1994,9,19,2229,,Rabaul,New Britain-SW Pac,Papua New Guinea,-4.271,152.203,688,Pyroclastic shield,3,T,4,1,,,,,86,4,,,4,1,,,,,86,4,,1
,1994,11,3,,,Rinjani,Lesser Sunda Is,Indonesia,-8.42,116.47,3726,Stratovolcano,3,m,31,1,,,,,,,,,31,1,,,,,,,,
,1994,11,22,,,Merapi,Java,Indonesia,-7.542,110.442,2947,Stratovolcano,3,,60,2,,,,,,,,,60,2,,,,,,,,
,1995,2,4,,,Yasur,Vanuatu-SW Pacific,Vanuatu,-19.52,169.425,361,Stratovolcano,3,T,2,1,,,,,,,,,2,1,,,,,,,,
,1995,2,11,,,Yake-dake,Honshu-Japan,Japan,36.22,137.58,2455,Stratovolcano,1,T,4,1,,,,,,,,,4,1,,,,,,,,
,1995,4,2,,,Fogo,Cape Verde Is,Cape Verde,14.95,-24.35,2829,Stratovolcano,2,,,,,,20,1,,1,10,1,,,,,20,1,,1,10,1
,1995,4,7,,,Pacaya,Guatemala,Guatemala,14.381,-90.601,2552,Complex volcano,3,M,1,1,,,,,,1,1,1,1,1,,,,,,1,1,1
,1995,5,15,,,Kelimutu,Lesser Sunda Is,Indonesia,-8.758,121.83,1640,Complex volcano,,,1,1,,,,,,,,,1,1,,,,,,,,
,1995,9,6,,,Parker,Mindanao-Philippines,Philippines,6.12,124.892,1824,Stratovolcano,,,60,2,,,,,,2,300,3,60,2,,,,,,2,300,3
,1996,1,2,2392,,Karymsky,Kamchatka,Russia,54.05,159.43,1536,Stratovolcano,2,,,,,,,,,,,,,,,,,,,,,
,1996,4,30,,,Popocatepetl,Mexico,Mexico,19.023,-98.622,5426,Stratovolcano,3,,5,1,,,,,,1,,,5,1,,,,,,1,,
,1996,8,10,,,Kanlaon,Philippines-C,Philippines,10.412,123.132,2435,Stratovolcano,2,T,3,1,,,18,1,,,,,3,1,,,18,1,,,,
,1996,9,27,,,Maderas,Nicaragua,Nicaragua,11.446,-85.515,1394,Stratovolcano,,m,6,1,,,,1,,,,,6,1,,,,1,,,,
,1996,9,30,,,Grimsvotn,Iceland-NE,Iceland,64.42,-17.33,1725,Caldera,3,,,,,,,,,1,,,,,,,,,,1,,
,1996,12,3,,,Manam,New Guinea-NE of,Papua New Guinea,-4.1,145.061,1807,Stratovolcano,3,P,13,1,,,29,1,,,,,13,1,,,29,1,,,,
,1997,1,14,,,Merapi,Java,Indonesia,-7.542,110.442,2947,Stratovolcano,2,,6,1,,,,1,,,,,6,1,,,,1,,,,
,1997,4,17,,,Karangetang [Api Siau],Sangihe Is-Indonesia,Indonesia,2.78,125.48,1784,Stratovolcano,1,P,3,1,,,,,,,,,3,1,,,,,,,,
,1997,6,25,,,Soufriere Hills,W Indies,Montserrat,16.72,-62.18,915,Stratovolcano,3,P,22,1,1,,,,,,,,22,1,,,,,,,,
,1997,7,12,,,Hakkoda Group,Honshu-Japan,Japan,40.65,140.88,1585,Stratovolcano,,G,3,1,,,,,,,,,3,1,,,,,,,,
,1997,8,1,,,Soufriere Hills,W Indies,Montserrat,16.72,-62.18,915,Stratovolcano,3,,2,1,,,,,,,,,2,1,,,,,,,,
,1997,9,2,,,Semeru,Java,Indonesia,-8.108,112.92,3676,Stratovolcano,3,T,2,1,,,,,,,,,2,1,,,,,,,,
,1997,9,15,,,Adatara,Honshu-Japan,Japan,37.62,140.28,1718,Stratovolcano,,G,4,1,,,,,,,,,4,1,,,,,,,,
,1997,11,23,,,Aso,Kyushu-Japan,Japan,32.88,131.1,1592,Caldera,,G,2,1,,,,,,,,,2,1,,,,,,,,
,1997,12,26,2279,,Soufriere Hills,W Indies,Montserrat,16.72,-62.18,915,Stratovolcano,,,,,,,,,,,,,,,,,,,,,,
,1998,4,28,,,Kilauea,Hawaiian Is,United States,19.425,-155.292,1222,Shield volcano,,L,1,1,,,,,,,,,,,,,,,,,,
,1998,7,,,,Kelut,Java,Indonesia,-7.93,112.308,1731,Stratovolcano,,m,10,1,,,,,,,,,10,1,,,,,,,,
,1998,10,30,,,San Cristobal,Nicaragua,Nicaragua,12.702,-87.004,1745,Stratovolcano,,m,1620,4,,,,,,,,,1620,4,,,,,,,,
,1999,1,20,2880,,Soufriere Hills,W Indies,Montserrat,16.72,-62.18,915,Stratovolcano,3,,,,,,,,,,,,,,,,,,,,,
,1999,5,21,,,Fuego,Guatemala,Guatemala,14.473,-90.88,3763,Stratovolcano,2,,,,,,,,,,,,,,,,,,,,,
,1999,8,15,,,Shiveluch,Kamchatka,Russia,56.653,161.36,3283,Stratovolcano,4,,,,,,,,,1,,,,,,,,,,,,
,1999,10,5,,,Guagua Pichincha,Ecuador,Ecuador,-0.171,-78.598,4784,Stratovolcano,3,T,2,1,,,,,,,,,2,1,,,,,,,,
,1999,10,16,,,Tungurahua,Ecuador,Ecuador,-1.467,-78.442,5023,Stratovolcano,3,T,1,1,,,4,1,,,,,1,1,,,4,1,,,,
,2000,6,27,2340,5568,Miyake-jima,Izu Is-Japan,Japan,34.08,139.53,815,Stratovolcano,2,,,,,,,,,1,,,1,1,,,,3,,1,,
,2000,7,27,,,Semeru,Java,Indonesia,-8.108,112.92,3676,Stratovolcano,3,T,2,1,,,,,,,,,2,1,,,,,,,,
,2000,8,23,,,Arenal,Costa Rica,Costa Rica,10.463,-84.703,1657,Stratovolcano,3,P,2,1,,,1,1,,,,,2,1,,,1,1,,,,
,2000,11,3,,,Kilauea,Hawaiian Is,United States,19.425,-155.292,1222,Shield volcano,,G,2,1,,,,,,,,,2,1,,,,,,,,
,2000,11,,,,Merapi,Java,Indonesia,-7.542,110.442,2947,Stratovolcano,2,A,1,1,,,,,,,,,1,1,,,,,,,,
,2001,5,14,,,Etna,Italy,Italy,37.734,15.004,3350,Stratovolcano,3,,1,1,,,,,,1,,,1,1,,,,,,1,,
,2001,7,26,,,Etna,Italy,Italy,37.734,15.004,3350,Stratovolcano,2,,,,,,,,,1,,1,,,,,,,,1,,1
,2001,8,5,,,Merapi,Java,Indonesia,-7.542,110.442,2947,Stratovolcano,2,P,2,1,,,,,,,,,2,1,,,,,,,,
,2001,10,20,,,Stromboli,Italy,Italy,38.789,15.213,926,Stratovolcano,2,T,1,1,,,,,,,,,1,1,,,,,,,,
,2002,1,3,,,Karangetang [Api Siau],Sangihe Is-Indonesia,Indonesia,2.78,125.48,1784,Stratovolcano,3,M,,,,,,,,1,,1,,,,,,,,1,,1
,2002,1,17,,,Nyiragongo,Africa-C,"Congo, DRC",-1.52,29.25,3470,Stratovolcano,1,,100,2,,,400,3,,3,,3,100,2,,,,3,,3,,3
,2002,8,28,,5659,Etna,Italy,Italy,37.734,15.004,3350,Stratovolcano,3,,,,,,32,1,,2,,2,,,,,32,1,,2,,2
,2002,11,3,,,Reventador,Ecuador,Ecuador,-0.078,-77.656,3562,Stratovolcano,4,I,,1,,,,1,,1,,1,,1,,,,1,,1,,1
,2002,12,30,2923,,Stromboli,Italy,Italy,38.789,15.213,926,Stratovolcano,,,,,,,,1,,1,,1,,,,,,1,,1,,1
,2002,,,,,Semeru,Java,Indonesia,-8.108,112.92,3676,Stratovolcano,3,T,3,1,,,,,,,,,3,1,,,,,,,,
,2003,7,12,2694,,Soufriere Hills,W Indies,Montserrat,16.72,-62.18,915,Stratovolcano,3,,,,,,,,,,,,,,,,,,,,,
,2004,1,29,,,Egon,Lesser Sunda Is,Indonesia,-8.67,122.45,1703,Stratovolcano,1,T,1,1,,,,,,,,,1,1,,,,,,,,
,2004,6,8,,,Tengger Caldera,Java,Indonesia,-7.942,112.95,2329,Stratovolcano,2,T,2,1,,,5,1,,,,,,,,,,,,,,
,2004,10,24,,,Manam,New Guinea-NE of,Papua New Guinea,-4.1,145.061,1807,Stratovolcano,4,T,5,1,,,,,,,,,5,1,,,,,,,,
,2005,1,27,,,Manam,New Guinea-NE of,Papua New Guinea,-4.1,145.061,1807,Stratovolcano,4,T,1,1,,,14,1,,,,,1,1,,,14,1,,,,
,2005,10,1,,,Santa Ana,El Salvador,El Salvador,13.853,-89.63,2365,Stratovolcano,3,A,2,1,,,,1,,,,,2,1,,,,1,,,,
,2005,11,24,,,Karthala,Indian O-W,Comoros,-11.75,43.38,2361,Shield volcano,,,,1,,,,,,1,,,,1,,,,,,1,,
,2006,3,17,,,Raoul Island,Kermadec Is,New Zealand,-29.27,-177.92,516,Stratovolcano,,,1,1,,,,,,,,,1,1,,,,,,,,
,2006,5,20,2877,,Soufriere Hills,W Indies,Montserrat,16.72,-62.18,915,Stratovolcano,2,P,,,,,,,,,,,,,,,,,,,,
,2006,6,7,,,Bulusan,Luzon-Philippines,Philippines,12.77,124.05,1565,Stratovolcano,2,,1,1,,,,,,,,,1,1,,,,,,,,
,2006,6,14,,,Merapi,Java,Indonesia,-7.542,110.442,2947,Stratovolcano,1,,2,1,,,,,,,,,2,1,,,,,,,,
,2006,7,18,,,Tungurahua,Ecuador,Ecuador,-1.467,-78.442,5023,Stratovolcano,3,,1,1,,,,,,,,,1,1,,,,,,,,
,2006,8,17,,,Tungurahua,Ecuador,Ecuador,-1.467,-78.442,5023,Stratovolcano,3,T,5,1,,2,13,1,,3,,3,6,1,,2,,2,,3,,3
,2006,11,30,,,Mayon,Luzon-Philippines,Philippines,13.257,123.685,2462,Stratovolcano,1,m,1266,4,,,,,,1,,,1266,4,,,,,,1,,
,2007,3,,,,Manam,New Guinea-NE of,Papua New Guinea,-4.1,145.061,1807,Stratovolcano,4,M,4,1,,,1,1,,,,,4,1,,,1,1,,,,
,2007,4,18,,,Huila,Colombia,Colombia,2.92,-76.05,5365,Stratovolcano,,,,,,,,,,2,,1,,,,,,,,2,,1
,2007,5,19,5758,,Ritter Island,New Guinea-NE of,Papua New Guinea,-5.52,148.121,140,Stratovolcano,1,"A,W",,,,,,,,1,,1,,,,,,,,1,,1
,2007,7,7,,,Salak,Java,Indonesia,-6.72,106.73,2211,Stratovolcano,,G,6,1,,,,,,,,,6,1,,,,,,,,
,2007,9,30,,,"Tair, Jebel at",Red Sea,Yemen,15.7,41.742,244,Stratovolcano,,,7,1,,,1,1,,,,,7,1,,,,1,,,,
,2008,5,2,,,Chaiten,Chile-S,Chile,-42.833,-72.646,962,Caldera,,,1,1,,,,,,,,,1,1,,,,,,,,
,2008,8,8,3587,,Kasatochi,Aleutian Is,United States,52.18,-175.5,314,Stratovolcano,3,,,,,,,,,,,,,,,,,,,,,
,2008,8,22,,,Tungurahua,Ecuador,Ecuador,-1.467,-78.442,5023,Stratovolcano,3,M,2,1,,,2,1,,1,2,1,2,1,,,2,1,,1,2,1
,2008,11,20,,,Huila,Colombia,Colombia,2.92,-76.05,5365,Stratovolcano,,,10,1,,1,,1,,,,,10,1,,1,,1,,,,
,2009,3,23,,,Redoubt,Alaska-SW,United States,60.48,-152.75,3108,Stratovolcano,,,,,,,,,,1,,,,,,,,,,1,,
,2009,11,30,,,Kilauea,Hawaiian Is,United States,19.425,-155.292,1222,Shield volcano,,,,,,,,,,2,,,,,,,,,,2,,
,2010,1,,,,Tungurahua,Ecuador,Ecuador,-1.467,-78.442,5023,Stratovolcano,3,,,,,,,,,1,,,,,,,,,,1,,
,2010,3,31,,,Eyjafjallajokull,Iceland-S,Iceland,63.63,-19.62,1666,Stratovolcano,2,,2,1,,,,,,,,,2,1,,,,,,,,
,2010,5,27,,,Pacaya,Guatemala,Guatemala,14.381,-90.601,2552,Complex volcano,1,T,1,1,3,1,,,,1,3,1,1,1,3,1,,,,1,3,1
,2010,5,29,4822,9172,Sarigan,Mariana Is-C Pacific,United States,16.708,145.78,538,Stratovolcano,,,,,,,,,,,,,,,,,,,,,,
,2010,8,6,,,Karangetang [Api Siau],Sangihe Is-Indonesia,Indonesia,2.78,125.48,1784,Stratovolcano,3,,4,1,,,5,1,,,,1,4,1,,,5,1,,,,1
,2010,8,30,,,Sinabung,Sumatra,Indonesia,3.17,98.392,2460,Stratovolcano,,,2,1,,,,,,,,,2,1,,,,,,,,
,2010,10,26,,,Merapi,Java,Indonesia,-7.542,110.442,2947,Stratovolcano,,,367,3,,,277,3,600,4,,3,367,3,,,277,3,600,4,,3
,2010,11,,,,Tungurahua,Ecuador,Ecuador,-1.467,-78.442,5023,Stratovolcano,3,,,,,,,,,1,,,,,,,,,,1,,
,2010,12,28,,,Tengger Caldera,Java,Indonesia,-7.942,112.95,2329,Stratovolcano,,,,,,,,,,1,,,,,,,,,,,,
,2011,1,3,,,Merapi,Java,Indonesia,-7.542,110.442,2947,Stratovolcano,,M,1,1,,,1,1,,1,,,1,1,,,1,1,,1,,
,2011,1,28,,,Kirishima,Kyushu-Japan,Japan,31.93,130.87,1700,Shield volcano,,,,,,,,1,,1,,,,,,,,1,,1,,
,2011,2,23,,,Bulusan,Luzon-Philippines,Philippines,12.77,124.05,1565,Stratovolcano,2,,1,1,,,,,,,,,1,1,,,,,,,,
,2011,3,18,,,Karangetang [Api Siau],Sangihe Is-Indonesia,Indonesia,2.78,125.48,1784,Stratovolcano,,,,,,,,,,1,,,,,,,,,,1,,
,2011,4,,,,Tungurahua,Ecuador,Ecuador,-1.467,-78.442,5023,Stratovolcano,4,,,,,,,,,1,,,,,,,,,,1,,
,2011,6,4,,,Puyehue,Chile-C,Chile,-40.59,-72.117,2236,Stratovolcano,4,,,,,,,,,2,,,,,,,,,,2,,
,2011,6,22,,,Nabro,Africa-NE,Eritrea,13.37,41.7,2218,Stratovolcano,3,,31,1,,,,3,,1,,,31,1,,,,3,,1,,
,2011,7,9,,,Katla,Iceland-S,Iceland,63.63,-19.05,1512,Subglacial volcano,,,,,,,,,,1,,,,,,,,,,1,,
,2011,7,17,,,Lokon-Empung,Sulawesi-Indonesia,Indonesia,1.358,124.792,1580,Stratovolcano,,,1,1,,,,,,,,,1,1,,,,,,,,
,2011,12,27,,,Gamalama,Halmahera-Indonesia,Indonesia,0.8,127.325,1715,Stratovolcano,3,m,4,1,,,,1,,,,,4,1,,,,1,,,,
,2012,2,10,,,Kilauea,Hawaiian Is,United States,19.425,-155.292,1222,Shield volcano,,,,,,,,,,2,,,,,,,,,,2,,
,2012,3,2,,,Kilauea,Hawaiian Is,United States,19.425,-155.292,1222,Shield volcano,,L,,,,,,,,1,1,1,,,,,,,,,,
,2012,12,12,,,Tolbachik,Kamchatka,Russia,55.83,160.33,3682,Shield volcano,,,,,,,,,,1,,,,,,,,,,1,,
,2013,2,12,,,Merapi,Java,Indonesia,-7.542,110.442,2947,Stratovolcano,,M,1,1,,,1,1,,1,,,1,1,,,1,1,,1,,
,2013,2,,,,Paluweh,Lesser Sunda Is,Indonesia,-8.32,121.708,875,Stratovolcano,,,,,,,,,,1,,1,,,,,,,,1,,1
,2013,5,7,,,Mayon,Luzon-Philippines,Philippines,13.257,123.685,2462,Stratovolcano,,,5,1,,,8,1,,,,,5,1,,,8,1,,,,
,2013,8,10,,,Paluweh,Lesser Sunda Is,Indonesia,-8.32,121.708,875,Stratovolcano,3,,5,1,,,,,,,,,5,1,,,,,,,,
,2013,9,1,,,Ubinas,Peru,Peru,-16.355,-70.903,5672,Stratovolcano,,,,,,,,,,1,,,,,,,,,,1,,
,2013,9,4,,,Sakura-jima,Kyushu-Japan,Japan,31.58,130.67,1117,Stratovolcano,,,,,,,,,,1,,,,,,,,,,1,,
,2013,9,15,,,Sinabung,Sumatra,Indonesia,3.17,98.392,2460,Stratovolcano,2,,,,,,,,,2,,,,,,,,,,2,,
,2013,12,13,,,Okataina,New Zealand,New Zealand,-38.12,176.5,1111,Lava dome,,G,1,1,,,,,,,,,1,1,,,,,,,,
,2014,2,1,,,Sinabung,Sumatra,Indonesia,3.17,98.392,2460,Stratovolcano,,,17,1,,,3,1,,1,,2,17,1,,,3,1,,1,,2
,2014,2,13,,,Kelut,Java,Indonesia,-7.93,112.308,1731,Stratovolcano,,,7,1,,,,,,3,4098,4,7,1,,,,,,3,4098,4
,2014,9,27,,,On-take,Honshu-Japan,Japan,35.9,137.48,3063,Complex volcano,3,,55,2,,,70,2,,,,,55,2,,,70,2,,,,
,2014,11,10,,,Kilauea,Hawaiian Is,United States,19.425,-155.292,1222,Shield volcano,,,,,,,,,14.5,3,1,1,,,,,,,14.5,3,1,1
,2014,11,23,,,Fogo,Cape Verde Is,Cape Verde,14.95,-24.35,2829,Stratovolcano,,,,,,,,,,2,230,3,,,,,,,,2,230,3
,2014,12,18,,,Gamalama,Halmahera-Indonesia,Indonesia,0.8,127.325,1715,Stratovolcano,,,1,1,,,4,1,,,,,1,1,,,4,1,,,,
,2015,2,20,,,Sinabung,Sumatra,Indonesia,3.17,98.392,2460,Stratovolcano,,,,,,,,,,1,,1,,,,,,,,1,,1
,2015,4,22,,,Calbuco,Chile-S,Chile,-41.326,-72.614,2003,Stratovolcano,,,,,,,,,,2,,2,,,,,,,,2,,2
,2015,5,7,,,Karangetang [Api Siau],Sangihe Is-Indonesia,Indonesia,2.78,125.48,1784,Stratovolcano,,,,,,,,,,1,,1,,,,,,,,1,,1
,2015,7,31,,,Manam,New Guinea-NE of,Papua New Guinea,-4.1,145.061,1807,Stratovolcano,2,,,,,,2,1,,1,,,,,,,2,1,,1,,
,2015,10,16,,,Sinabung,Sumatra,Indonesia,3.17,98.392,2460,Stratovolcano,,M,1,1,,,,,,1,,,1,1,,,,,,1,,
,2015,10,,,,Okataina,New Zealand,New Zealand,-38.12,176.5,1111,Lava dome,,I,1,1,,,,,,,,,1,1,,,,,,,,
,2016,5,9,,,Sinabung,Sumatra,Indonesia,3.17,98.392,2460,Stratovolcano,,,1,1,,,4,1,,1,3,1,1,1,,,4,1,,1,,
,2016,5,21,,,Sinabung,Sumatra,Indonesia,3.17,98.392,2460,Stratovolcano,,,7,1,,,3,1,100,4,,,7,1,,,3,1,100,4,,
,2016,6,9,,,Yellowstone,US-Wyoming,United States,44.43,-110.67,2805,Caldera,,,1,1,,,,,,,,,1,1,,,,,,,,
,2016,9,27,,,Rinjani,Lesser Sunda Is,Indonesia,-8.42,116.47,3726,Stratovolcano,,,,,44,1,,,,,,,,,44,1,,,,,,
,2016,10,8,,,Aso,Kyushu-Japan,Japan,32.88,131.1,1592,Caldera,,T,,,,,,,,1,,,,,,,,,,1,,
,2017,3,15,,,Etna,Italy,Italy,37.734,15.004,3350,Stratovolcano,,P,,,,,10,1,,,,,,,,,10,1,,,,
,2017,4,13,,,Sinabung,Sumatra,Indonesia,3.17,98.392,2460,Stratovolcano,2,P,,,,,,,,1,,2,,,,,,,,1,,2
,2017,6,6,,,Fuego,Guatemala,Guatemala,14.473,-90.88,3763,Stratovolcano,2,P,,,,,,,,2,,,,,,,,,,2,,
,2017,7,1,,,Dieng Volc Complex,Java,Indonesia,-7.2,109.92,2565,Complex volcano,,,8,1,,,11,1,,,,,8,1,,,11,1,,,,
,2017,9,12,,,Campi Flegrei,Italy,Italy,40.827,14.139,458,Caldera,,,3,1,,,,,,,,,3,1,,,,,,,,
,2017,9,23,,,Aoba,Vanuatu-SW Pacific,Vanuatu,-15.4,167.83,1496,Shield volcano,,T,,,,,,,,1,,,,,,,,,,1,,
,2017,12,18,,,Merapi,Java,Indonesia,-7.542,110.442,2947,Stratovolcano,,A,8,1,,,8,1,,,,,8,1,,,8,1,,,,
,2017,12,27,,,Sinabung,Sumatra,Indonesia,3.17,98.392,2460,Stratovolcano,,T,,,,,,,,2,,,,,,,,,,2,,
,2018,1,5,,,Kadovar,New Guinea-NE of,Papua New Guinea,-3.62,144.62,365,Stratovolcano,,T,,,,,,,,1,,,,,,,,,,1,,
,2018,1,13,,,Mayon,Luzon-Philippines,Philippines,13.257,123.685,2462,Stratovolcano,,"T,P",,,,,1972,4,3.564,2,,,,,,,1972,4,3.564,2,,
,2018,1,23,,,Kusatsu-Shirane,Honshu-Japan,Japan,36.62,138.55,2176,Stratovolcano,,T,1,1,,,11,1,,1,,,1,1,,,11,1,,1,,
,2018,2,1,,,Kilauea,Hawaiian Is,United States,19.425,-155.292,1222,Shield volcano,1,G,1,1,,,3,1,,,,,1,1,,,3,1,,,,
,2018,2,9,5676,,Kadovar,New Guinea-NE of,Papua New Guinea,-3.62,144.62,365,Stratovolcano,,W,,,,,,,,,,,,,,,,,,,,
,2018,3,21,,,Ijen,Java,Indonesia,-8.058,114.242,2799,Stratovolcano,,G,,,,,30,1,,,,,,,,,30,1,,,,
,2018,3,30,,,Aoba,Vanuatu-SW Pacific,Vanuatu,-15.4,167.83,1496,Shield volcano,3,"T,G,M",4,1,,,,,,2,,1,4,1,,,,,,2,,1
,2018,4,28,5678,10332,Kilauea,Hawaiian Is,United States,19.425,-155.292,1222,Shield volcano,1,L,,,,,1,1,370,4,716,3,,,,,1,1,370,4,716,3
,2018,6,3,,,Fuego,Guatemala,Guatemala,14.473,-90.88,3763,Stratovolcano,2,P,201,3,229,3,27,1,120,4,186,3,201,3,229,3,27,1,120,4,186,3
,2018,7,16,,,Kilauea,Hawaiian Is,United States,19.425,-155.292,1222,Shield volcano,,T,,,,,23,1,1,1,,,,,,,23,1,1,1,,
,2018,8,25,,,Manam,New Guinea-NE of,Papua New Guinea,-4.1,145.061,1807,Stratovolcano,4,"L,T",,,,,,,,3,164,3,,,,,,,,3,164,3
,2018,12,15,,10382,Ambrym,Vanuatu-SW Pacific,Vanuatu,-16.25,168.12,1334,Pyroclastic shield,2,"S,T,G",,,,,,,,2,,1,,,,,,,,2,,1
,2018,12,22,5699,,Krakatau,Indonesia,Indonesia,-6.102,105.423,813,Caldera,3,W,,,,,,,,,,,437,3,10,1,31943,4,250,4,2844,4
,2018,12,26,,10383,Etna,Italy,Italy,37.734,15.004,3350,Stratovolcano,2,S,,,,,,,,,,,,,,,28,1,115,4,15,1
,2019,1,7,,,Manam,New Guinea-NE of,Papua New Guinea,-4.1,145.061,1807,Stratovolcano,4,T,,,,,,,,1,,,,,,,,,,1,,
,2019,5,7,,,Sinabung,Sumatra,Indonesia,3.17,98.392,2460,Stratovolcano,,T,,,,,,,,2,,,,,,,,,,2,,
,2019,6,26,,,Ulawun,New Britain-SW Pac,Papua New Guinea,-5.05,151.33,2334,Stratovolcano,,"P,T",,,,,2,1,14,3,,,,,,,2,1,14,3,,
,2019,6,28,,,Manam,New Guinea-NE of,Papua New Guinea,-4.1,145.061,1807,Stratovolcano,4,"A,P,T",,,,,,,,2,,,,,,,,,,2,,
,2019,7,3,,,Stromboli,Italy,Italy,38.789,15.213,926,Stratovolcano,2,"P,T",1,1,,,1,1,,,,,1,1,,,1,1,,,,
,2019,8,28,5716,,Stromboli,Italy,Italy,38.789,15.213,926,Stratovolcano,2,W,,,,,,,,,,,,,,,,,,,,
,2019,12,9,,,White Island,New Zealand,New Zealand,-37.52,177.18,321,Stratovolcano,2,T,22,1,,,25,1,,,,,22,1,,,25,1,,,,
,2020,1,12,,,Taal,Luzon-Philippines,Philippines,14.002,120.993,400,Stratovolcano,,T,39,1,,,,,67,4,4573,4,39,1,,,,,67,4,4573,4
,2020,5,29,5748,10501,Ijen,Java,Indonesia,-8.058,114.242,2799,Stratovolcano,,"G,W, S",1,1,,,,,,,,,1,1,,,,,,,,
