time,latitude,longitude,depth,mag,magType,nst,gap,dmin,rms,net,id,updated,place,type,horizontalError,depthError,magError,magNst,status,locationSource,magSource
2008-08-09T15:31:11.700Z,52.106,-175.416,4.7,3.2,ml,10,177.4,,,us,usp000ge9b,2019-02-13T09:56:14.024Z,"Andreanof Islands, Aleutian Islands, Alaska",earthquake,,,,,reviewed,aeic,aeic
2008-08-09T06:51:12.594Z,52.1264,-175.3815,6.3,2.5,ml,,,,0.61,ak,ak008a796lqz,2019-02-13T09:55:36.291Z,"Andreanof Islands, Aleutian Islands, Alaska",earthquake,,0.4,,,reviewed,ak,ak
2008-08-09T03:46:35.101Z,51.977,-175.4068,4.9,3,ml,,,,0.87,ak,ak008a77da3a,2019-02-13T09:55:30.387Z,"Andreanof Islands, Aleutian Islands, Alaska",earthquake,,0.7,,,reviewed,ak,ak
2008-08-08T23:09:53.916Z,52.0834,-175.4264,6.3,2.5,ml,,,,0.97,ak,ak008a5vipnj,2019-02-13T09:53:01.492Z,"Andreanof Islands, Aleutian Islands, Alaska",earthquake,,0.4,,,reviewed,ak,ak
2008-08-08T17:27:24.081Z,52.0778,-175.3315,11.4,3.2,ml,,,,1.06,ak,ak008a5s1wm0,2019-02-13T09:52:55.030Z,"Andreanof Islands, Aleutian Islands, Alaska",earthquake,,1.2,,,reviewed,ak,ak
2008-08-08T15:44:16.820Z,52.113,-175.363,4.6,3.1,ml,4,177.2,,,us,usp000ge75,2019-02-13T09:52:50.411Z,"Andreanof Islands, Aleutian Islands, Alaska",earthquake,,,,,reviewed,aeic,aeic
2008-08-08T15:20:05.862Z,52.0287,-175.4613,4.7,2.5,ml,,,,0.87,ak,ak008a5qthze,2019-02-13T09:52:48.935Z,"Andreanof Islands, Aleutian Islands, Alaska",earthquake,,0.3,,,reviewed,ak,ak
2008-08-08T15:18:29.403Z,52.0768,-175.5292,7,2.8,ml,,,,0.68,ak,ak008a5qt4d8,2019-02-13T09:52:48.529Z,"Andreanof Islands, Aleutian Islands, Alaska",earthquake,,1.7,,,reviewed,ak,ak
2008-08-08T14:03:39.086Z,52.0762,-175.4762,6.7,2.5,ml,,,,1,ak,ak008a5q4hro,2019-02-13T09:53:23.897Z,"Andreanof Islands, Aleutian Islands, Alaska",earthquake,,4.1,,,reviewed,ak,ak
2008-08-08T13:55:11.401Z,52.104,-175.481,6.6,2.5,ml,,,,0.83,ak,ak008a5pu59g,2019-02-13T09:52:44.715Z,"Andreanof Islands, Aleutian Islands, Alaska",earthquake,,0.2,,,reviewed,ak,ak
2008-08-08T12:28:22.970Z,52.129,-175.51,15.6,3.1,ml,9,178.4,,,us,usp000ge6k,2019-02-13T09:52:40.582Z,"Andreanof Islands, Aleutian Islands, Alaska",earthquake,,,,,reviewed,aeic,aeic
2008-08-08T12:14:20.323Z,52.0989,-175.4927,6.4,2.6,ml,,,,0.7,ak,ak008a5ozxzk,2019-02-13T09:52:39.727Z,"Andreanof Islands, Aleutian Islands, Alaska",earthquake,,10.6,,,reviewed,ak,ak
2008-08-08T12:06:30.600Z,52.1276,-175.4785,6.3,2.5,ml,,,,0.65,ak,ak008a5oy91w,2019-02-13T09:54:48.217Z,"Andreanof Islands, Aleutian Islands, Alaska",earthquake,,2.1,,,reviewed,ak,ak
2008-08-08T11:55:58.928Z,52.0835,-175.4799,4.8,2.5,ml,,,,1.01,ak,ak008a5ondpw,2019-02-13T09:52:38.960Z,"Andreanof Islands, Aleutian Islands, Alaska",earthquake,,1,,,reviewed,ak,ak
2008-08-08T10:16:03.276Z,52.0697,-175.4873,13.2,2.7,ml,,,,0.51,ak,ak008a5ntgw7,2019-02-13T09:52:35.649Z,"Andreanof Islands, Aleutian Islands, Alaska",earthquake,,0.9,,,reviewed,ak,ak
2008-08-08T09:37:59.336Z,52.0997,-175.5037,6.5,2.5,ml,,,,0.92,ak,ak008a5ncnnh,2019-02-13T09:52:34.904Z,"Andreanof Islands, Aleutian Islands, Alaska",earthquake,,2,,,reviewed,ak,ak
2008-08-08T09:29:51.672Z,52.0896,-175.5306,8.3,2.5,ml,,,,0.72,ak,ak008a5naxbz,2019-02-13T09:52:33.765Z,"Andreanof Islands, Aleutian Islands, Alaska",earthquake,,2.6,,,reviewed,ak,ak
2008-08-08T09:07:47.212Z,52.0697,-175.4658,6.5,2.9,ml,,,,1.02,ak,ak008a5n678h,2019-02-13T09:52:32.231Z,"Andreanof Islands, Aleutian Islands, Alaska",earthquake,,1.6,,,reviewed,ak,ak
2008-08-08T07:45:14.636Z,52.1361,-175.4795,13,2.9,ml,,,,0.53,ak,ak008a5m7epz,2019-02-13T09:54:23.223Z,"Andreanof Islands, Aleutian Islands, Alaska",earthquake,,2.4,,,reviewed,ak,ak
2008-08-08T07:42:26.628Z,52.1406,-175.4917,13.4,2.5,ml,,,,0.65,ak,ak008a5m6shy,2019-02-13T09:54:25.028Z,"Andreanof Islands, Aleutian Islands, Alaska",earthquake,,1.3,,,reviewed,ak,ak
2008-08-08T05:32:04.228Z,52.0786,-175.3561,6.5,2.6,ml,,,,0.66,ak,ak008a5kxqee,2019-02-28T20:02:44.645Z,"Andreanof Islands, Aleutian Islands, Alaska",earthquake,,1.4,,,reviewed,ak,ak
2008-08-08T04:46:32.600Z,52.1257,-175.4753,13.4,2.5,ml,,,,0.67,ak,ak008a5kfd0c,2019-02-13T09:54:07.913Z,"Andreanof Islands, Aleutian Islands, Alaska",earthquake,,0.6,,,reviewed,ak,ak
2008-08-08T04:45:42.507Z,52.1108,-175.4589,6.5,2.7,ml,,,,0.72,ak,ak008a5kf622,2019-02-13T09:54:07.605Z,"Andreanof Islands, Aleutian Islands, Alaska",earthquake,,1.8,,,reviewed,ak,ak
2008-08-08T02:06:00.679Z,52.124,-175.4655,8.9,2.7,ml,,,,0.8,ak,ak008a5izuoz,2019-02-13T09:52:51.170Z,"Andreanof Islands, Aleutian Islands, Alaska",earthquake,,0.7,,,reviewed,ak,ak
2008-08-08T01:19:48.681Z,52.1184,-175.3515,6.4,2.7,ml,,,,0.58,ak,ak008a5ihb3o,2019-02-13T09:52:20.825Z,"Andreanof Islands, Aleutian Islands, Alaska",earthquake,,0.4,,,reviewed,ak,ak
2008-08-08T01:01:14.503Z,52.0982,-175.4352,8.1,2.5,ml,,,,0.74,ak,ak008a5iddkq,2019-02-13T09:52:19.748Z,"Andreanof Islands, Aleutian Islands, Alaska",earthquake,,1.2,,,reviewed,ak,ak
2008-08-08T00:44:17.706Z,52.0734,-175.3533,6.6,2.5,ml,,,,0.67,ak,ak008a5i160a,2019-02-13T09:52:18.889Z,"Andreanof Islands, Aleutian Islands, Alaska",earthquake,,1.4,,,reviewed,ak,ak
2008-08-08T00:31:35.740Z,52.1297,-175.5175,10.1,2.9,ml,,,,0.69,ak,ak008a5hyf3a,2019-02-13T09:52:17.741Z,"Andreanof Islands, Aleutian Islands, Alaska",earthquake,,1.3,,,reviewed,ak,ak
2008-08-07T23:27:08.282Z,52.1,-175.4635,4.8,2.5,ml,,,,0.64,ak,ak008a4834j0,2019-02-13T09:43:09.093Z,"Andreanof Islands, Aleutian Islands, Alaska",earthquake,,0.1,,,reviewed,ak,ak
2008-08-07T23:20:32.080Z,52.1644,-175.3854,14.8,2.9,ml,,,,0.44,ak,ak008a481oco,2019-02-13T09:43:08.660Z,"Andreanof Islands, Aleutian Islands, Alaska",earthquake,,0.5,,,reviewed,ak,ak
2008-08-07T22:43:49.254Z,52.1883,-175.4258,6.8,2.7,ml,,,,0.28,ak,ak008a47l7jh,2019-02-13T09:45:21.772Z,"Andreanof Islands, Aleutian Islands, Alaska",earthquake,,11.9,,,reviewed,ak,ak
2008-08-07T22:39:01.960Z,52.1764,-175.4547,13.8,2.6,ml,,,,0.67,ak,ak008a47k910,2019-02-13T09:45:21.354Z,"Andreanof Islands, Aleutian Islands, Alaska",earthquake,,72.4,,,reviewed,ak,ak
2008-08-07T22:17:28.620Z,52.13,-175.474,5.2,4.2,mb,21,141,,,us,usp000ge4n,2019-02-13T09:43:08.196Z,"Andreanof Islands, Aleutian Islands, Alaska",earthquake,,,,5,reviewed,aeic,us
2008-08-07T22:15:05.545Z,52.1498,-175.382,12,2.5,ml,,,,0.58,ak,ak008a47f44a,2019-02-13T09:45:00.794Z,"Andreanof Islands, Aleutian Islands, Alaska",earthquake,,0.2,,,reviewed,ak,ak
2008-08-07T22:07:51.585Z,52.1392,-175.37,13.1,3.1,ml,,,,0.58,ak,ak008a47dhxy,2019-02-13T09:44:40.570Z,"Andreanof Islands, Aleutian Islands, Alaska",earthquake,,0.6,,,reviewed,ak,ak
2008-08-07T22:06:23.150Z,52.155,-175.408,4.6,3.5,ml,5,312.1,,,us,usp000ge4h,2019-02-13T09:43:07.865Z,"Andreanof Islands, Aleutian Islands, Alaska",earthquake,,,,,reviewed,aeic,aeic
2008-08-07T21:58:18.796Z,52.1255,-175.4705,4.8,2.6,ml,,,,0.65,ak,ak008a472xbr,2019-02-13T09:43:07.409Z,"Andreanof Islands, Aleutian Islands, Alaska",earthquake,,0,,,reviewed,ak,ak
2008-08-07T21:56:46.134Z,52.108,-175.4459,4.8,2.9,ml,,,,0.81,ak,ak008a472k05,2019-02-13T09:44:40.125Z,"Andreanof Islands, Aleutian Islands, Alaska",earthquake,,0.1,,,reviewed,ak,ak
2008-08-07T21:48:34.180Z,52.131,-175.378,4,3.7,ml,15,139.2,,,us,usp000ge4g,2019-02-13T09:43:06.469Z,"Andreanof Islands, Aleutian Islands, Alaska",earthquake,,,,,reviewed,aeic,aeic
2008-08-07T21:44:17.600Z,52.0901,-175.4342,13.2,2.5,ml,,,,0.71,ak,ak008a46zx7k,2019-02-13T09:44:38.422Z,"Andreanof Islands, Aleutian Islands, Alaska",earthquake,,18.1,,,reviewed,ak,ak
2008-08-07T21:43:09.750Z,52.125,-175.435,5.4,3.4,ml,10,139.2,,,us,usp000ge4f,2019-02-13T09:43:05.995Z,"Andreanof Islands, Aleutian Islands, Alaska",earthquake,,,,,reviewed,aeic,aeic
2008-08-07T21:30:46.244Z,52.1247,-175.4957,7.4,2.9,ml,,,,0.57,ak,ak008a46wze8,2019-02-13T09:44:37.972Z,"Andreanof Islands, Aleutian Islands, Alaska",earthquake,,0.3,,,reviewed,ak,ak
2008-08-07T21:25:56.590Z,52.095,-175.483,4.8,3.1,ml,7,303.8,,,us,usp000ge4c,2019-02-13T09:43:05.572Z,"Andreanof Islands, Aleutian Islands, Alaska",earthquake,,,,,reviewed,aeic,aeic
2008-08-07T21:08:16.971Z,52.1582,-175.5404,22.3,2.8,ml,,,,0.42,ak,ak008a46s7dt,2019-02-13T09:43:05.132Z,"Andreanof Islands, Aleutian Islands, Alaska",earthquake,,0.5,,,reviewed,ak,ak
2008-08-07T20:58:49.360Z,52.053,-175.464,10,3.5,ml,14,141.1,,1.24,us,usp000ge4a,2019-02-13T09:44:35.806Z,"Andreanof Islands, Aleutian Islands, Alaska",earthquake,,,,,reviewed,us,aeic
2008-08-07T20:58:27.736Z,52.1139,-175.4672,4.9,3,ml,,,,0.86,ak,ak008a46hiet,2019-02-13T09:43:04.356Z,"Andreanof Islands, Aleutian Islands, Alaska",earthquake,,0.4,,,reviewed,ak,ak
2008-08-07T20:52:00.448Z,52.1261,-175.4399,4.8,3.3,ml,,,,0.65,ak,ak008a46g60c,2019-02-13T09:43:03.969Z,"Andreanof Islands, Aleutian Islands, Alaska",earthquake,,0.3,,,reviewed,ak,ak
2008-08-07T20:49:42.200Z,52.06,-175.413,7.6,3.6,ml,10,141.1,,0.94,us,usp000ge48,2019-02-13T09:43:03.196Z,"Andreanof Islands, Aleutian Islands, Alaska",earthquake,,8.2,,,reviewed,us,aeic
2008-08-07T20:35:50.007Z,52.1168,-175.4783,6.3,3.6,ml,,,,0.7,ak,ak008a46cmns,2019-02-13T09:43:02.492Z,"Andreanof Islands, Aleutian Islands, Alaska",earthquake,,0.5,,,reviewed,ak,ak
2008-08-07T20:35:03.738Z,52.1036,-175.4402,4.7,2.6,ml,,,,0.61,ak,ak008a46cj39,2019-02-13T09:43:02.105Z,"Andreanof Islands, Aleutian Islands, Alaska",earthquake,,0.7,,,reviewed,ak,ak
2008-08-07T20:32:42.143Z,52.2024,-175.4164,13.4,2.7,ml,,,,0.54,ak,ak008a46bywm,2019-02-13T09:43:01.775Z,"Andreanof Islands, Aleutian Islands, Alaska",earthquake,,0.6,,,reviewed,ak,ak
2008-08-07T20:28:13.087Z,52.1,-175.4601,5,2.5,ml,,,,0.78,ak,ak008a46b1ss,2019-02-13T09:43:01.388Z,"Andreanof Islands, Aleutian Islands, Alaska",earthquake,,0.2,,,reviewed,ak,ak
2008-08-07T20:26:40.782Z,52.0022,-175.4174,17.9,2.5,ml,,,,0.92,ak,ak008a46aoi6,2019-02-13T09:43:01.003Z,"Andreanof Islands, Aleutian Islands, Alaska",earthquake,,0.1,,,reviewed,ak,ak
2008-08-07T20:15:26.971Z,52.1583,-175.4535,4.9,2.5,ml,,,,0.42,ak,ak008a468ak9,2019-02-13T09:42:59.831Z,"Andreanof Islands, Aleutian Islands, Alaska",earthquake,,0.4,,,reviewed,ak,ak
2008-08-07T20:09:34.616Z,52.0492,-175.3485,13.5,2.5,ml,,,,0.37,ak,ak008a4670ut,2019-02-13T09:44:33.527Z,"Andreanof Islands, Aleutian Islands, Alaska",earthquake,,0.1,,,reviewed,ak,ak
2008-08-07T20:05:51.700Z,52.177,-175.384,10,3,ml,6,171.4,,1.3,us,usp000ge45,2019-02-13T09:43:00.224Z,"Andreanof Islands, Aleutian Islands, Alaska",earthquake,,,,,reviewed,us,aeic
2008-08-07T19:59:51.831Z,52.1,-175.4002,6.3,2.8,ml,,,,0.7,ak,ak008a45wcdr,2019-02-13T09:44:32.023Z,"Andreanof Islands, Aleutian Islands, Alaska",earthquake,,0.4,,,reviewed,ak,ak
2008-08-07T19:54:03.880Z,52.183,-175.432,10,3.3,ml,12,137.2,,1.24,us,usp000ge44,2019-02-13T09:44:59.567Z,"Andreanof Islands, Aleutian Islands, Alaska",earthquake,,,,,reviewed,us,aeic
2008-08-07T19:53:21.650Z,52.005,-175.48,10,3.2,ml,8,200.3,,0.98,us,usp000ge43,2019-02-13T09:44:31.626Z,"Andreanof Islands, Aleutian Islands, Alaska",earthquake,,,,,reviewed,us,aeic
2008-08-07T19:52:19.080Z,51.877,-175.341,10,3.4,ml,7,141.3,,1.4,us,usp000ge42,2019-02-13T09:44:59.120Z,"Andreanof Islands, Aleutian Islands, Alaska",earthquake,,,,,reviewed,us,aeic
2008-08-07T19:51:52.547Z,52.2756,-175.5141,14.4,2.9,ml,,,,0.83,ak,ak008a45umpi,2019-02-13T09:42:59.031Z,"Andreanof Islands, Aleutian Islands, Alaska",earthquake,,0.7,,,reviewed,ak,ak
2008-08-07T19:46:32.520Z,52.195,-175.3696,6.5,3.1,ml,,,,0.5,ak,ak008a45til0,2019-02-13T09:42:58.225Z,"Andreanof Islands, Aleutian Islands, Alaska",earthquake,,0.9,,,reviewed,ak,ak
2008-08-07T19:40:36.370Z,52.143,-175.408,10,4.3,mb,12,139.2,,1.15,us,usp000ge40,2019-02-13T09:42:56.990Z,"Andreanof Islands, Aleutian Islands, Alaska",earthquake,,,,1,reviewed,us,us
2008-08-07T19:38:08.544Z,52.2119,-175.5173,6.2,3.2,ml,,,,0.76,ak,ak008a45rr06,2019-02-13T09:42:56.568Z,"Andreanof Islands, Aleutian Islands, Alaska",earthquake,,0.7,,,reviewed,ak,ak
2008-08-07T19:36:58.070Z,52.119,-175.423,10,3,ml,6,142,,1.48,us,usp000ge3z,2019-02-28T20:02:41.962Z,"Andreanof Islands, Aleutian Islands, Alaska",earthquake,,,,,reviewed,us,aeic
2008-08-07T19:31:20.610Z,52.023,-175.579,10,3.4,ml,12,139.3,,1.46,us,usp000ge3x,2019-02-13T09:42:57.412Z,"Andreanof Islands, Aleutian Islands, Alaska",earthquake,,,,,reviewed,us,aeic
2008-08-07T19:22:38.546Z,51.996,-175.3424,4.8,2.9,ml,,,,0.72,ak,ak008a45odv2,2019-02-13T09:44:28.856Z,"Andreanof Islands, Aleutian Islands, Alaska",earthquake,,2.9,,,reviewed,ak,ak
2008-08-07T19:20:45.148Z,52.2023,-175.4711,20.6,2.8,ml,,,,0.45,ak,ak008a45nyxu,2019-02-13T09:44:29.691Z,"Andreanof Islands, Aleutian Islands, Alaska",earthquake,,1,,,reviewed,ak,ak
2008-08-07T19:17:28.886Z,52.2366,-175.3988,15.7,3,ml,,,,0.54,ak,ak008a45najc,2019-02-13T09:42:55.732Z,"Andreanof Islands, Aleutian Islands, Alaska",earthquake,,0.6,,,reviewed,ak,ak
2008-08-07T19:12:40.655Z,52.1007,-175.4602,4.9,2.7,ml,,,,0.85,ak,ak008a45m8v5,2019-02-13T09:42:55.318Z,"Andreanof Islands, Aleutian Islands, Alaska",earthquake,,0.5,,,reviewed,ak,ak
2008-08-07T19:10:57.936Z,52.1,-175.46,4.8,2.9,ml,,,,0.81,ak,ak008a45lurl,2019-02-13T09:44:28.411Z,"Andreanof Islands, Aleutian Islands, Alaska",earthquake,,0.5,,,reviewed,ak,ak
2008-08-07T19:09:09.445Z,52.1863,-175.4666,8.1,2.8,ml,,,,0.61,ak,ak008a45ljb4,2019-02-13T09:44:27.981Z,"Andreanof Islands, Aleutian Islands, Alaska",earthquake,,0.4,,,reviewed,ak,ak
2008-08-07T18:52:00.326Z,52.0922,-175.3993,4.7,2.9,ml,,,,0.8,ak,ak008a459asg,2019-02-13T09:42:54.557Z,"Andreanof Islands, Aleutian Islands, Alaska",earthquake,,0.2,,,reviewed,ak,ak
2008-08-07T18:44:51.424Z,52.1785,-175.4847,13.2,2.5,ml,,,,0.67,ak,ak008a457p06,2019-02-13T09:44:25.656Z,"Andreanof Islands, Aleutian Islands, Alaska",earthquake,,65.9,,,reviewed,ak,ak
2008-08-07T18:41:36.517Z,52.1027,-175.4698,13.3,2.5,ml,,,,0.82,ak,ak008a4570pf,2019-02-13T09:44:26.824Z,"Andreanof Islands, Aleutian Islands, Alaska",earthquake,,249,,,reviewed,ak,ak
2008-08-07T18:37:48.480Z,52.072,-175.58,10,3.6,ml,8,188.7,,1.47,us,usp000ge3v,2019-02-13T09:42:54.113Z,"Andreanof Islands, Aleutian Islands, Alaska",earthquake,,,,,reviewed,us,aeic
2008-08-07T18:36:24.085Z,52.2316,-175.3775,6.7,2.9,ml,,,,0.4,ak,ak008a455x60,2019-02-13T09:44:26.090Z,"Andreanof Islands, Aleutian Islands, Alaska",earthquake,,0.3,,,reviewed,ak,ak
2008-08-07T18:30:03.070Z,52.19,-175.651,12,5.8,mwc,431,33.3,,1.19,us,usp000ge3t,2019-02-13T09:42:53.193Z,"Andreanof Islands, Aleutian Islands, Alaska",earthquake,,,,,reviewed,us,us
2008-08-07T18:29:29.120Z,52.1008,-175.4717,6.7,4.2,ml,,,,0.84,ak,ak008a454fjk,2019-02-13T09:42:53.669Z,"Andreanof Islands, Aleutian Islands, Alaska",earthquake,,0.5,,,reviewed,ak,ak
2008-08-07T18:22:32.302Z,52.099,-175.456,4.8,2.9,ml,,,,0.59,ak,ak008a452xry,2019-02-13T09:42:52.763Z,"Andreanof Islands, Aleutian Islands, Alaska",earthquake,,0.1,,,reviewed,ak,ak
2008-08-07T18:18:42.100Z,52.097,-175.522,10,3.4,ml,14,175.4,,1.27,us,usp000ge3r,2019-02-13T09:42:52.418Z,"Andreanof Islands, Aleutian Islands, Alaska",earthquake,,,,,reviewed,us,aeic
2008-08-07T18:16:10.560Z,52.092,-175.509,10,4.3,ml,10,141.1,,1.4,us,usp000ge3q,2019-02-13T09:42:51.959Z,"Andreanof Islands, Aleutian Islands, Alaska",earthquake,,,,,reviewed,us,pmr
2008-08-07T18:08:29.720Z,52.116,-175.414,10,2.9,ml,6,142.3,,0.84,us,usp000ge3n,2019-02-13T09:42:51.196Z,"Andreanof Islands, Aleutian Islands, Alaska",earthquake,,,,,reviewed,us,aeic
2008-08-07T17:56:53.570Z,52.214,-175.578,10,4.2,mb,21,134.9,,1.13,us,usp000ge3m,2019-02-13T09:44:21.843Z,"Andreanof Islands, Aleutian Islands, Alaska",earthquake,,,,3,reviewed,us,us
2008-08-07T17:56:13.120Z,51.97,-175.483,10,3,ml,8,141.2,,1.22,us,usp000ge3k,2019-02-13T09:42:50.218Z,"Andreanof Islands, Aleutian Islands, Alaska",earthquake,,,,,reviewed,us,aeic
2008-08-07T17:35:14.990Z,52.1407,-175.4775,18.2,2.6,ml,,,,0.44,ak,ak008a44k957,2019-02-13T09:44:20.726Z,"Andreanof Islands, Aleutian Islands, Alaska",earthquake,,0.9,,,reviewed,ak,ak
2008-08-07T17:34:24.023Z,52.1,-175.4601,4.7,3.2,ml,,,,0.81,ak,ak008a44k24i,2019-02-13T09:44:20.334Z,"Andreanof Islands, Aleutian Islands, Alaska",earthquake,,0.1,,,reviewed,ak,ak
2008-08-07T17:28:14.578Z,52.1027,-175.4539,4.9,2.8,ml,,,,0.64,ak,ak008a44ir3l,2019-02-28T20:02:40.440Z,"Andreanof Islands, Aleutian Islands, Alaska",earthquake,,0.8,,,reviewed,ak,ak
2008-08-07T17:26:54.049Z,52.1096,-175.4509,4.8,2.6,ml,,,,0.78,ak,ak008a44iepo,2019-02-13T09:42:48.241Z,"Andreanof Islands, Aleutian Islands, Alaska",earthquake,,0.4,,,reviewed,ak,ak
2008-08-07T17:20:53.842Z,52.0981,-175.4692,4.8,2.5,ml,,,,0.5,ak,ak008a44h4eg,2019-02-13T09:42:47.082Z,"Andreanof Islands, Aleutian Islands, Alaska",earthquake,,0.7,,,reviewed,ak,ak
2008-08-07T17:08:15.016Z,52.2085,-175.4647,13.3,2.6,ml,,,,0.59,ak,ak008a44egt9,2019-02-13T09:45:16.427Z,"Andreanof Islands, Aleutian Islands, Alaska",earthquake,,47,,,reviewed,ak,ak
2008-08-07T17:04:11.756Z,52.099,-175.4585,13.5,3.1,ml,,,,0.54,ak,ak008a44dlp3,2019-02-13T09:42:45.997Z,"Andreanof Islands, Aleutian Islands, Alaska",earthquake,,0.3,,,reviewed,ak,ak
2008-08-07T16:56:55.164Z,52.1062,-175.4733,6.5,2.5,ml,,,,0.64,ak,ak008a443eoc,2019-02-13T09:42:45.609Z,"Andreanof Islands, Aleutian Islands, Alaska",earthquake,,0.7,,,reviewed,ak,ak
2008-08-07T16:49:21.330Z,51.942,-175.269,14.3,3.3,ml,8,141.2,,,us,usp000ge3g,2019-02-13T09:42:44.824Z,"Andreanof Islands, Aleutian Islands, Alaska",earthquake,,,,,reviewed,aeic,aeic
2008-08-07T16:45:33.446Z,52.0828,-175.4513,10,3.4,ml,,,,0.67,ak,ak008a44104g,2019-02-13T09:44:16.970Z,"Andreanof Islands, Aleutian Islands, Alaska",earthquake,,0,,,reviewed,ak,ak
2008-08-07T16:45:20.110Z,52.258,-175.454,2.6,3.4,ml,11,131.6,,1.56,us,usp000ge3f,2019-02-13T09:42:44.033Z,"Andreanof Islands, Aleutian Islands, Alaska",earthquake,,13.5,,,reviewed,us,aeic
2008-08-07T16:44:23.340Z,52.1,-175.46,13.2,2.6,ml,7,183.4,,,us,usp000ge3e,2019-02-13T09:42:44.435Z,"Andreanof Islands, Aleutian Islands, Alaska",earthquake,,,,,reviewed,aeic,aeic
2008-08-07T16:42:09.598Z,52.1777,-175.375,13.2,2.6,ml,,,,0.63,ak,ak008a440b4v,2019-02-13T09:42:43.633Z,"Andreanof Islands, Aleutian Islands, Alaska",earthquake,,5,,,reviewed,ak,ak
2008-08-07T16:33:01.680Z,52.1028,-175.4615,13.1,3.2,ml,,,,0.34,ak,ak008a43yd2w,2019-02-13T09:44:16.179Z,"Andreanof Islands, Aleutian Islands, Alaska",earthquake,,0.3,,,reviewed,ak,ak
2008-08-07T16:32:14.405Z,52.1225,-175.4539,4.8,3.2,ml,,,,0.81,ak,ak008a43y6cg,2019-02-13T09:42:43.219Z,"Andreanof Islands, Aleutian Islands, Alaska",earthquake,,0,,,reviewed,ak,ak
2008-08-07T16:15:55.545Z,52.072,-175.4208,4.7,2.7,ml,,,,0.74,ak,ak008a43umci,2019-02-13T09:42:42.805Z,"Andreanof Islands, Aleutian Islands, Alaska",earthquake,,0,,,reviewed,ak,ak
2008-08-07T16:06:53.683Z,52.1,-175.46,4.8,3.1,ml,,,,0.78,ak,ak008a43sorc,2019-02-13T09:42:40.549Z,"Andreanof Islands, Aleutian Islands, Alaska",earthquake,,0.1,,,reviewed,ak,ak
2008-08-07T16:01:22.370Z,52.147,-175.557,10,4.3,mb,27,172.5,,1.47,us,usp000ge3b,2019-02-13T09:42:39.657Z,"Andreanof Islands, Aleutian Islands, Alaska",earthquake,,0,,6,reviewed,us,us
2008-08-07T15:51:25.022Z,52.0999,-175.4599,4.8,3.1,ml,,,,0.72,ak,ak008a43gu5y,2019-02-13T09:42:38.780Z,"Andreanof Islands, Aleutian Islands, Alaska",earthquake,,0.1,,,reviewed,ak,ak
2008-08-07T15:49:59.096Z,52.1001,-175.46,4.8,3,ml,,,,0.69,ak,ak008a43ghd1,2019-02-13T09:44:14.647Z,"Andreanof Islands, Aleutian Islands, Alaska",earthquake,,0.8,,,reviewed,ak,ak
2008-08-07T15:43:45.377Z,52.1017,-175.4734,6.6,2.8,ml,,,,0.53,ak,ak008a43f609,2019-02-13T09:44:13.434Z,"Andreanof Islands, Aleutian Islands, Alaska",earthquake,,0.3,,,reviewed,ak,ak
2008-08-07T15:41:25.120Z,52.1009,-175.4582,4.8,2.8,ml,,,,0.66,ak,ak008a43ep0g,2019-02-13T09:42:37.912Z,"Andreanof Islands, Aleutian Islands, Alaska",earthquake,,0,,,reviewed,ak,ak
2008-08-07T15:38:56.083Z,52.1476,-175.4728,13.2,2.9,ml,,,,0.47,ak,ak008a43e494,2019-02-13T09:44:13.020Z,"Andreanof Islands, Aleutian Islands, Alaska",earthquake,,23.8,,,reviewed,ak,ak
2008-08-07T15:36:07.654Z,52.0716,-175.4604,4.8,2.9,ml,,,,0.79,ak,ak008a43dl31,2019-02-13T09:44:14.232Z,"Andreanof Islands, Aleutian Islands, Alaska",earthquake,,0.1,,,reviewed,ak,ak
2008-08-07T15:34:12.981Z,52.1283,-175.5216,4.9,2.5,ml,,,,0.85,ak,ak008a43d62a,2019-02-13T09:42:37.460Z,"Andreanof Islands, Aleutian Islands, Alaska",earthquake,,0,,,reviewed,ak,ak
2008-08-07T15:32:08.725Z,52.1301,-175.4423,4.9,2.8,ml,,,,0.54,ak,ak008a43cqaw,2019-02-13T09:42:36.602Z,"Andreanof Islands, Aleutian Islands, Alaska",earthquake,,0.1,,,reviewed,ak,ak
2008-08-07T15:27:19.710Z,52.273,-175.6,10,4.5,mb,67,135.7,,1.37,us,usp000ge3a,2019-02-13T09:42:35.290Z,"Andreanof Islands, Aleutian Islands, Alaska",earthquake,,0,,38,reviewed,us,us
2008-08-07T15:26:09.647Z,52.1247,-175.4727,13.2,2.6,ml,,,,0.66,ak,ak008a43bg2s,2019-02-13T09:44:12.188Z,"Andreanof Islands, Aleutian Islands, Alaska",earthquake,,41.7,,,reviewed,ak,ak
2008-08-07T15:14:59.990Z,52.132,-175.57,12.3,4.2,mb,17,139.2,,1.39,us,usp000ge39,2019-02-13T09:42:34.346Z,"Andreanof Islands, Aleutian Islands, Alaska",earthquake,,9,,3,reviewed,us,us
2008-08-07T15:09:42.760Z,52.1,-175.46,5.3,2.8,ml,5,177.6,,,us,usp000ge38,2019-02-13T09:42:33.888Z,"Andreanof Islands, Aleutian Islands, Alaska",earthquake,,,,,reviewed,aeic,aeic
2008-08-07T15:00:23.830Z,52.224,-175.498,2.9,4.1,mb,29,134.2,,1.1,us,usp000ge37,2019-02-13T09:42:33.535Z,"Andreanof Islands, Aleutian Islands, Alaska",earthquake,,8.4,,5,reviewed,us,us
2008-08-07T14:53:26.467Z,52.1187,-175.4923,6.4,2.7,ml,,,,0.47,ak,ak008a42vu3q,2019-02-13T09:44:10.463Z,"Andreanof Islands, Aleutian Islands, Alaska",earthquake,,2.7,,,reviewed,ak,ak
2008-08-07T14:52:35.501Z,52.1532,-175.4455,6.4,2.8,ml,,,,0.77,ak,ak008a42vn32,2019-02-13T09:44:10.013Z,"Andreanof Islands, Aleutian Islands, Alaska",earthquake,,0.4,,,reviewed,ak,ak
2008-08-07T14:47:15.730Z,52.1,-175.46,5.7,4.3,mb,41,136.8,,,us,usp000ge36,2019-02-13T09:42:33.136Z,"Andreanof Islands, Aleutian Islands, Alaska",earthquake,,,,11,reviewed,aeic,us
2008-08-07T14:46:33.611Z,52.1668,-175.5122,4.7,2.5,ml,,,,0.61,ak,ak008a42ucn5,2019-02-13T09:44:55.744Z,"Andreanof Islands, Aleutian Islands, Alaska",earthquake,,0.4,,,reviewed,ak,ak
2008-08-07T14:44:34.150Z,52.058,-175.563,8.4,4,mb,16,139.3,,1.25,us,usp000ge35,2019-02-13T09:42:32.744Z,"Andreanof Islands, Aleutian Islands, Alaska",earthquake,,8.6,,4,reviewed,us,us
2008-08-07T14:34:14.040Z,52.069,-175.482,3.1,4.1,mb,13,139.3,,0.64,us,usp000ge33,2019-02-13T09:42:32.334Z,"Andreanof Islands, Aleutian Islands, Alaska",earthquake,,6.8,,1,reviewed,us,us
2008-08-07T14:30:27.790Z,52.1424,-175.4595,7.1,2.6,ml,,,,0.44,ak,ak008a42qwqj,2019-02-13T09:42:31.951Z,"Andreanof Islands, Aleutian Islands, Alaska",earthquake,,0.1,,,reviewed,ak,ak
2008-08-07T14:26:28.515Z,52.1085,-175.4494,4.9,2.5,ml,,,,0.83,ak,ak008a42q1xf,2019-02-13T09:42:31.561Z,"Andreanof Islands, Aleutian Islands, Alaska",earthquake,,0.3,,,reviewed,ak,ak
2008-08-07T14:20:15.920Z,52.03,-175.497,10,3.1,ml,6,176.6,,1.55,us,usp000ge30,2019-02-13T09:44:08.660Z,"Andreanof Islands, Aleutian Islands, Alaska",earthquake,,,,,reviewed,us,aeic
2008-08-07T14:15:59.737Z,52.1478,-175.5013,9.8,2.6,ml,,,,0.5,ak,ak008a42nrgl,2019-02-13T09:44:07.803Z,"Andreanof Islands, Aleutian Islands, Alaska",earthquake,,4.6,,,reviewed,ak,ak
2008-08-07T14:07:21.007Z,52.1006,-175.4597,4.9,3,ml,,,,0.72,ak,ak008a42lyqs,2019-02-13T09:42:30.493Z,"Andreanof Islands, Aleutian Islands, Alaska",earthquake,,0.7,,,reviewed,ak,ak
2008-08-07T14:01:14.552Z,52.0071,-175.4653,5.3,2.8,ml,,,,0.88,ak,ak008a42kny7,2019-02-13T09:42:29.772Z,"Andreanof Islands, Aleutian Islands, Alaska",earthquake,,0.9,,,reviewed,ak,ak
2008-08-07T13:57:00.910Z,52.159,-175.443,2.4,3.4,ml,9,172.4,,1.11,us,usp000ge2y,2019-02-13T09:42:29.365Z,"Andreanof Islands, Aleutian Islands, Alaska",earthquake,,12.7,,,reviewed,us,aeic
2008-08-07T13:52:55.000Z,52.044,-175.457,7.4,3.3,ml,11,141.2,,1.31,us,usp000ge2x,2019-02-13T09:42:28.160Z,"Andreanof Islands, Aleutian Islands, Alaska",earthquake,,9.8,,,reviewed,us,aeic
2008-08-07T13:49:21.327Z,52.0991,-175.4606,4.7,3,ml,,,,0.7,ak,ak008a429j8k,2019-02-13T09:44:05.333Z,"Andreanof Islands, Aleutian Islands, Alaska",earthquake,,6.4,,,reviewed,ak,ak
2008-08-07T13:41:10.862Z,52.1101,-175.465,7.3,2.6,ml,,,,0.51,ak,ak008a427spa,2019-02-13T09:42:26.638Z,"Andreanof Islands, Aleutian Islands, Alaska",earthquake,,0.1,,,reviewed,ak,ak
2008-08-07T13:39:22.842Z,52.1026,-175.461,4.7,2.9,ml,,,,0.58,ak,ak008a427e70,2019-02-13T09:42:26.966Z,"Andreanof Islands, Aleutian Islands, Alaska",earthquake,,0.3,,,reviewed,ak,ak
2008-08-07T13:31:16.580Z,52.092,-175.548,11.6,4.1,mb,17,141.1,,1.23,us,usp000ge2w,2019-02-13T09:42:26.216Z,"Andreanof Islands, Aleutian Islands, Alaska",earthquake,,8.1,,3,reviewed,us,us
2008-08-07T13:30:44.760Z,52.1934,-175.4666,13.2,3.1,ml,,,,0.67,ak,ak008a425ifw,2019-02-13T09:44:03.493Z,"Andreanof Islands, Aleutian Islands, Alaska",earthquake,,71.2,,,reviewed,ak,ak
2008-08-07T13:29:48.641Z,52.1203,-175.4434,4.8,3.1,ml,,,,0.61,ak,ak008a425b0w,2019-02-13T09:44:03.805Z,"Andreanof Islands, Aleutian Islands, Alaska",earthquake,,0,,,reviewed,ak,ak
2008-08-07T13:25:53.947Z,52.1001,-175.46,4.8,3.2,ml,,,,0.66,ak,ak008a424gki,2019-02-13T09:42:25.805Z,"Andreanof Islands, Aleutian Islands, Alaska",earthquake,,0.2,,,reviewed,ak,ak
2008-08-07T13:15:00.410Z,52.0994,-175.4636,4.8,3,ml,,,,0.49,ak,ak008a4227a1,2019-02-13T09:42:25.074Z,"Andreanof Islands, Aleutian Islands, Alaska",earthquake,,0.1,,,reviewed,ak,ak
2008-08-07T13:11:36.842Z,52.1005,-175.4591,4.8,2.8,ml,,,,0.79,ak,ak008a421f84,2019-02-13T09:42:24.650Z,"Andreanof Islands, Aleutian Islands, Alaska",earthquake,,0.3,,,reviewed,ak,ak
2008-08-07T13:10:26.957Z,52.1358,-175.4442,12.9,3,ml,,,,0.62,ak,ak008a4216qv,2019-02-13T09:44:00.759Z,"Andreanof Islands, Aleutian Islands, Alaska",earthquake,,2.1,,,reviewed,ak,ak
2008-08-07T13:10:00.629Z,52.1004,-175.4613,4.9,2.8,ml,,,,0.72,ak,ak008a4214pq,2019-02-13T09:42:24.216Z,"Andreanof Islands, Aleutian Islands, Alaska",earthquake,,0.3,,,reviewed,ak,ak
2008-08-07T13:04:44.130Z,51.991,-175.457,10,2.9,ml,6,199.9,,1.47,us,usp000ge2u,2019-02-13T09:42:38.340Z,"Andreanof Islands, Aleutian Islands, Alaska",earthquake,,,,,reviewed,us,aeic
2008-08-07T13:03:20.390Z,52.02,-175.452,6.6,3,ml,7,141.2,,1.07,us,usp000ge2t,2019-02-13T09:42:23.458Z,"Andreanof Islands, Aleutian Islands, Alaska",earthquake,,9.6,,,reviewed,us,aeic
2008-08-07T13:01:02.082Z,52.1,-175.46,4.8,2.9,ml,,,,0.71,ak,ak008a41z7ds,2019-02-13T09:42:23.035Z,"Andreanof Islands, Aleutian Islands, Alaska",earthquake,,0,,,reviewed,ak,ak
2008-08-07T12:51:48.140Z,52.091,-175.444,4.9,4.4,mb,28,139.2,,,us,usp000ge2s,2019-02-13T09:42:22.579Z,"Andreanof Islands, Aleutian Islands, Alaska",earthquake,,,,4,reviewed,aeic,us
2008-08-07T12:49:33.120Z,52.281,-175.811,14.9,5,mwc,125,124.3,,1.13,us,usp000ge2r,2019-02-13T09:42:22.193Z,"Andreanof Islands, Aleutian Islands, Alaska",earthquake,,7,,,reviewed,us,gcmt
2008-08-07T12:44:00.300Z,52.0995,-175.4605,4.7,3.1,ml,,,,0.67,ak,ak008a41mzfi,2019-02-13T09:42:21.306Z,"Andreanof Islands, Aleutian Islands, Alaska",earthquake,,1.8,,,reviewed,ak,ak
2008-08-07T12:42:13.361Z,52.1001,-175.4599,4.8,3.2,ml,,,,0.68,ak,ak008a41ml08,2019-02-13T09:42:21.751Z,"Andreanof Islands, Aleutian Islands, Alaska",earthquake,,0.1,,,reviewed,ak,ak
2008-08-07T12:40:33.344Z,52.1385,-175.4413,4.9,2.7,ml,,,,0.58,ak,ak008a41m746,2019-02-13T09:42:20.971Z,"Andreanof Islands, Aleutian Islands, Alaska",earthquake,,0,,,reviewed,ak,ak
2008-08-07T12:34:53.703Z,52.1,-175.4601,4.8,2.7,ml,,,,0.63,ak,ak008a41kye2,2019-02-13T09:42:20.535Z,"Andreanof Islands, Aleutian Islands, Alaska",earthquake,,1,,,reviewed,ak,ak
2008-08-07T12:32:05.875Z,52.1001,-175.46,4.9,2.6,ml,,,,0.72,ak,ak008a41kf9n,2019-02-13T09:42:20.094Z,"Andreanof Islands, Aleutian Islands, Alaska",earthquake,,0.8,,,reviewed,ak,ak
2008-08-07T12:28:59.080Z,52.1036,-175.4777,6.6,2.5,ml,,,,0.6,ak,ak008a41joic,2019-02-13T09:43:58.354Z,"Andreanof Islands, Aleutian Islands, Alaska",earthquake,,2,,,reviewed,ak,ak
2008-08-07T12:23:38.470Z,52.209,-175.481,6.7,3.4,ml,10,162.4,,,us,usp000ge2k,2019-02-13T09:42:19.191Z,"Andreanof Islands, Aleutian Islands, Alaska",earthquake,,,,,reviewed,aeic,aeic
2008-08-07T12:18:25.036Z,52.1188,-175.4468,4.8,2.6,ml,,,,0.83,ak,ak008a41hgpz,2019-02-13T09:42:18.733Z,"Andreanof Islands, Aleutian Islands, Alaska",earthquake,,0.5,,,reviewed,ak,ak
2008-08-07T12:15:27.192Z,52.129,-175.4814,5.4,2.6,ml,,,,0.64,ak,ak008a41gtqn,2019-02-13T09:42:19.662Z,"Andreanof Islands, Aleutian Islands, Alaska",earthquake,,0.1,,,reviewed,ak,ak
2008-08-07T12:09:28.182Z,52.0772,-175.4654,4.8,2.8,ml,,,,0.49,ak,ak008a41fjiq,2019-02-13T09:43:57.102Z,"Andreanof Islands, Aleutian Islands, Alaska",earthquake,,1.3,,,reviewed,ak,ak
2008-08-07T12:02:07.340Z,52.1,-175.46,9.4,3.3,ml,12,173.6,,,us,usp000ge2j,2019-02-13T09:42:17.465Z,"Andreanof Islands, Aleutian Islands, Alaska",earthquake,,,,,reviewed,aeic,aeic
2008-08-07T12:01:00.563Z,52.2316,-175.4671,13.2,2.6,ml,,,,0.57,ak,ak008a41drns,2019-02-13T09:42:17.853Z,"Andreanof Islands, Aleutian Islands, Alaska",earthquake,,7.7,,,reviewed,ak,ak
2008-08-07T11:54:21.120Z,52.1,-175.46,7.8,2.9,ml,4,172.6,,,us,usp000ge2h,2019-02-13T09:42:16.293Z,"Andreanof Islands, Aleutian Islands, Alaska",earthquake,,,,,reviewed,aeic,aeic
2008-08-07T11:52:16.620Z,52.098,-175.463,5.1,3.2,ml,10,139.2,,,us,usp000ge2g,2019-02-13T09:42:17.079Z,"Andreanof Islands, Aleutian Islands, Alaska",earthquake,,,,,reviewed,aeic,aeic
2008-08-07T11:51:06.940Z,52.1,-175.46,4.9,3.3,ml,16,183.4,,,us,usp000ge2f,2019-02-13T09:42:16.687Z,"Andreanof Islands, Aleutian Islands, Alaska",earthquake,,,,,reviewed,aeic,aeic
2008-08-07T11:50:15.995Z,52.1735,-175.4769,13.2,2.6,ml,,,,0.47,ak,ak008a412vbz,2019-02-13T09:43:56.362Z,"Andreanof Islands, Aleutian Islands, Alaska",earthquake,,3.4,,,reviewed,ak,ak
2008-08-07T11:44:49.356Z,52.101,-175.4642,4.9,2.6,ml,,,,0.81,ak,ak008a411nlz,2019-02-13T09:42:15.904Z,"Andreanof Islands, Aleutian Islands, Alaska",earthquake,,0.6,,,reviewed,ak,ak
2008-08-07T11:39:45.868Z,52.0955,-175.4632,4.9,2.6,ml,,,,0.68,ak,ak008a410kre,2019-02-13T09:43:55.496Z,"Andreanof Islands, Aleutian Islands, Alaska",earthquake,,0.7,,,reviewed,ak,ak
2008-08-07T11:32:04.695Z,52.0862,-175.4265,4.9,2.9,ml,,,,0.61,ak,ak008a40yzkl,2019-02-13T09:42:15.523Z,"Andreanof Islands, Aleutian Islands, Alaska",earthquake,,0.4,,,reviewed,ak,ak
2008-08-07T11:27:29.384Z,52.1315,-175.4021,2.9,3,ml,,,,0.89,ak,ak008a40xywa,2019-02-13T09:42:45.213Z,"Andreanof Islands, Aleutian Islands, Alaska",earthquake,,2.9,,,reviewed,ak,ak
2008-08-07T11:26:31.152Z,52.1,-175.46,4.6,2.6,ml,,,,0.81,ak,ak008a40xrbf,2019-02-13T09:42:15.136Z,"Andreanof Islands, Aleutian Islands, Alaska",earthquake,,0.1,,,reviewed,ak,ak
2008-08-07T11:23:18.656Z,51.9907,-175.4372,15,2.5,ml,,,,0.86,ak,ak008a40x37d,2019-02-13T09:42:14.364Z,"Andreanof Islands, Aleutian Islands, Alaska",earthquake,,0.5,,,reviewed,ak,ak
2008-08-07T11:17:01.340Z,52.319,-175.742,11.7,4.5,mb,112,130.6,,1.48,us,usp000ge2b,2019-02-13T09:42:13.505Z,"Andreanof Islands, Aleutian Islands, Alaska",earthquake,,9.7,,63,reviewed,us,us
2008-08-07T11:15:59.362Z,52.0992,-175.4626,4.8,2.8,ml,,,,0.74,ak,ak008a40vgm8,2019-02-13T09:43:52.991Z,"Andreanof Islands, Aleutian Islands, Alaska",earthquake,,1.9,,,reviewed,ak,ak
2008-08-07T11:11:12.542Z,52.1373,-175.4639,13.2,2.5,ml,,,,0.67,ak,ak008a40ui52,2019-02-13T09:43:53.757Z,"Andreanof Islands, Aleutian Islands, Alaska",earthquake,,45,,,reviewed,ak,ak
2008-08-07T11:09:42.166Z,52.0989,-175.4672,4.7,3,ml,,,,0.65,ak,ak008a40u4zs,2019-02-13T09:42:12.662Z,"Andreanof Islands, Aleutian Islands, Alaska",earthquake,,0.1,,,reviewed,ak,ak
2008-08-07T11:07:12.968Z,52.1006,-175.4607,5,3.1,ml,,,,0.56,ak,ak008a40tnb4,2019-02-13T09:42:12.163Z,"Andreanof Islands, Aleutian Islands, Alaska",earthquake,,0.2,,,reviewed,ak,ak
2008-08-07T11:02:44.101Z,52.1008,-175.46,4.8,3.1,ml,,,,0.78,ak,ak008a40sn4q,2019-02-13T09:43:52.527Z,"Andreanof Islands, Aleutian Islands, Alaska",earthquake,,0.2,,,reviewed,ak,ak
2008-08-07T10:54:35.406Z,52.1045,-175.4535,4.6,2.5,ml,,,,0.8,ak,ak008a40ic38,2019-02-13T09:42:11.753Z,"Andreanof Islands, Aleutian Islands, Alaska",earthquake,,0.1,,,reviewed,ak,ak
2008-08-07T10:45:44.768Z,52.1087,-175.5088,6.6,2.5,ml,,,,0.55,ak,ak008a40gfd8,2019-02-13T09:43:51.770Z,"Andreanof Islands, Aleutian Islands, Alaska",earthquake,,8.2,,,reviewed,ak,ak
2008-08-07T10:41:10.097Z,52.1016,-175.4617,4.8,2.6,ml,,,,0.57,ak,ak008a40fhtt,2019-02-13T09:42:11.006Z,"Andreanof Islands, Aleutian Islands, Alaska",earthquake,,0.4,,,reviewed,ak,ak
2008-08-07T10:39:21.148Z,52.1,-175.4601,4.9,2.7,ml,,,,0.87,ak,ak008a40f38y,2019-02-13T09:43:50.941Z,"Andreanof Islands, Aleutian Islands, Alaska",earthquake,,0.1,,,reviewed,ak,ak
2008-08-07T10:13:30.908Z,52.1374,-175.4573,13.9,3.2,ml,,,,0.39,ak,ak008a409jdu,2019-02-13T09:43:48.674Z,"Andreanof Islands, Aleutian Islands, Alaska",earthquake,,0.7,,,reviewed,ak,ak
2008-08-07T10:12:02.960Z,52.268,-175.734,10,5,mwc,134,110.3,,1.28,us,usp000ge26,2019-02-13T09:42:07.924Z,"Andreanof Islands, Aleutian Islands, Alaska",earthquake,,,,,reviewed,us,gcmt
2008-08-07T10:03:28.289Z,52.1127,-175.4647,6.8,2.8,ml,,,,0.44,ak,ak008a407e0s,2019-02-13T09:42:07.059Z,"Andreanof Islands, Aleutian Islands, Alaska",earthquake,,0.1,,,reviewed,ak,ak
2008-08-07T09:59:08.179Z,52.1116,-175.4436,5,3,ml,,,,0.61,ak,ak008a3zxwyp,2019-02-13T09:42:06.478Z,"Andreanof Islands, Aleutian Islands, Alaska",earthquake,,0.6,,,reviewed,ak,ak
2008-08-07T09:49:33.525Z,52.0964,-175.4646,6.6,2.5,ml,,,,0.59,ak,ak008a3zvtrc,2019-02-13T09:43:45.608Z,"Andreanof Islands, Aleutian Islands, Alaska",earthquake,,1.7,,,reviewed,ak,ak
2008-08-07T09:45:28.750Z,52.1,-175.46,14.3,4.1,mb,17,141.1,,,us,usp000ge24,2019-03-20T19:48:09.395Z,"Andreanof Islands, Aleutian Islands, Alaska",earthquake,,,,3,reviewed,aeic,us
2008-08-07T09:45:14.147Z,51.9795,-175.4593,5.1,4.1,ml,,,,0.85,ak,ak008a3zuxee,2019-02-13T09:42:05.712Z,"Andreanof Islands, Aleutian Islands, Alaska",earthquake,,0.5,,,reviewed,ak,ak
2008-08-07T09:41:53.310Z,52.104,-175.46,6.2,2.6,ml,4,172,,,us,usp000ge23,2019-02-13T09:42:05.267Z,"Andreanof Islands, Aleutian Islands, Alaska",earthquake,,,,,reviewed,aeic,aeic
2008-08-07T09:27:47.920Z,52.1,-175.46,3.3,2.7,ml,5,172.5,,,us,usp000ge22,2019-02-13T09:42:04.008Z,"Andreanof Islands, Aleutian Islands, Alaska",earthquake,,,,,reviewed,aeic,aeic
2008-08-07T09:22:07.970Z,52.1,-175.4602,4.8,2.6,ml,,,,0.62,ak,ak008a3zpzgd,2019-02-13T09:42:03.554Z,"Andreanof Islands, Aleutian Islands, Alaska",earthquake,,0.7,,,reviewed,ak,ak
2008-08-07T09:18:28.171Z,52.1842,-175.4854,13.2,2.6,ml,,,,0.68,ak,ak008a3zp65d,2019-02-13T09:43:43.120Z,"Andreanof Islands, Aleutian Islands, Alaska",earthquake,,68.8,,,reviewed,ak,ak
2008-08-07T09:16:51.760Z,52.1,-175.46,6.5,3.3,ml,11,139.2,,,us,usp000ge21,2019-02-13T09:42:03.074Z,"Andreanof Islands, Aleutian Islands, Alaska",earthquake,,,,,reviewed,aeic,aeic
2008-08-07T09:08:38.600Z,52.324,-175.578,10,4.5,mb,111,124.7,,1.16,us,usp000ge20,2019-02-13T09:43:42.709Z,"Andreanof Islands, Aleutian Islands, Alaska",earthquake,,,,61,reviewed,us,us
2008-08-07T09:08:25.940Z,52.1,-175.46,4.8,3.9,ml,12,139.2,,,us,usp000ge1z,2019-02-13T09:42:02.589Z,"Andreanof Islands, Aleutian Islands, Alaska",earthquake,,,,,reviewed,aeic,aeic
2008-08-07T09:05:06.939Z,52.0708,-175.4079,4.8,2.6,ml,,,,0.63,ak,ak008a3zmc79,2019-02-13T09:42:02.133Z,"Andreanof Islands, Aleutian Islands, Alaska",earthquake,,1.3,,,reviewed,ak,ak
2008-08-07T09:02:57.935Z,52.0957,-175.4735,3.1,2.8,ml,,,,0.73,ak,ak008a3zlszl,2019-02-13T09:42:01.746Z,"Andreanof Islands, Aleutian Islands, Alaska",earthquake,,0.6,,,reviewed,ak,ak
2008-08-07T08:55:56.760Z,52.1,-175.46,4.8,3.4,ml,11,139.2,,,us,usp000ge1w,2019-02-13T09:42:00.979Z,"Andreanof Islands, Aleutian Islands, Alaska",earthquake,,,,,reviewed,aeic,aeic
2008-08-07T08:55:21.772Z,52.0992,-175.4626,4.8,2.6,ml,,,,0.74,ak,ak008a3zbnjl,2019-02-13T09:42:00.592Z,"Andreanof Islands, Aleutian Islands, Alaska",earthquake,,0.7,,,reviewed,ak,ak
2008-08-07T08:54:04.244Z,52.079,-175.4595,5.2,2.5,ml,,,,0.8,ak,ak008a3zbeh4,2019-02-13T09:43:41.946Z,"Andreanof Islands, Aleutian Islands, Alaska",earthquake,,1.7,,,reviewed,ak,ak
2008-08-07T08:51:28.120Z,52.1,-175.46,4.8,4.2,mb,12,168.6,,,us,usp000ge1v,2019-02-13T09:42:00.187Z,"Andreanof Islands, Aleutian Islands, Alaska",earthquake,,,,1,reviewed,aeic,us
2008-08-07T08:39:14.800Z,52.1,-175.46,4.8,2.7,ml,4,172.5,,,us,usp000ge1u,2019-02-13T09:41:59.800Z,"Andreanof Islands, Aleutian Islands, Alaska",earthquake,,,,,reviewed,aeic,aeic
2008-08-07T08:32:19.491Z,52.1351,-175.4806,13.1,2.5,ml,,,,0.69,ak,ak008a3z6pwd,2019-02-13T09:43:40.283Z,"Andreanof Islands, Aleutian Islands, Alaska",earthquake,,1.6,,,reviewed,ak,ak
2008-08-07T08:25:08.986Z,52.1165,-175.4937,13.2,2.7,ml,,,,0.42,ak,ak008a3z572q,2019-02-13T09:43:39.186Z,"Andreanof Islands, Aleutian Islands, Alaska",earthquake,,30.2,,,reviewed,ak,ak
2008-08-07T08:24:03.979Z,52.1,-175.46,4.8,3.1,ml,,,,0.8,ak,ak008a3z4yz1,2019-02-13T09:43:39.508Z,"Andreanof Islands, Aleutian Islands, Alaska",earthquake,,0.1,,,reviewed,ak,ak
2008-08-07T08:22:34.917Z,52.0991,-175.4612,4.8,2.9,ml,,,,0.68,ak,ak008a3z4lxf,2019-02-13T09:41:58.198Z,"Andreanof Islands, Aleutian Islands, Alaska",earthquake,,2,,,reviewed,ak,ak
2008-08-07T08:20:03.707Z,52.1142,-175.4792,9.4,2.8,ml,,,,0.61,ak,ak008a3z4436,2019-02-13T09:43:37.905Z,"Andreanof Islands, Aleutian Islands, Alaska",earthquake,,3.7,,,reviewed,ak,ak
2008-08-07T08:19:23.672Z,52.1015,-175.4586,6.5,2.6,ml,,,,0.63,ak,ak008a3z3xwv,2019-02-13T09:43:37.459Z,"Andreanof Islands, Aleutian Islands, Alaska",earthquake,,1,,,reviewed,ak,ak
2008-08-07T08:03:30.035Z,52.1005,-175.4624,5.5,2.9,ml,,,,0.69,ak,ak008a3z0iy3,2019-02-13T09:41:56.987Z,"Andreanof Islands, Aleutian Islands, Alaska",earthquake,,1,,,reviewed,ak,ak
2008-08-07T07:45:14.995Z,52.1,-175.4601,4.8,2.8,ml,,,,0.8,ak,ak008a3yo297,2019-02-13T09:41:56.147Z,"Andreanof Islands, Aleutian Islands, Alaska",earthquake,,0.3,,,reviewed,ak,ak
2008-08-07T07:40:08.890Z,52.1,-175.46,4.8,4.4,mb,36,167.7,,,us,usp000ge1m,2019-02-13T09:41:55.716Z,"Andreanof Islands, Aleutian Islands, Alaska",earthquake,,,,8,reviewed,aeic,us
2008-08-07T07:38:48.540Z,52.1,-175.46,6.4,3.2,ml,4,172.5,,,us,usp000ge1k,2019-02-13T09:41:55.306Z,"Andreanof Islands, Aleutian Islands, Alaska",earthquake,,,,,reviewed,aeic,aeic
2008-08-07T07:31:22.440Z,52.1,-175.46,6.1,3.6,ml,7,168.6,,,us,usp000ge1j,2019-02-13T09:41:54.875Z,"Andreanof Islands, Aleutian Islands, Alaska",earthquake,,,,,reviewed,aeic,aeic
2008-08-07T07:26:11.196Z,52.1794,-175.467,13.2,2.6,ml,,,,0.61,ak,ak008a3yjzcv,2019-02-13T09:43:33.923Z,"Andreanof Islands, Aleutian Islands, Alaska",earthquake,,70.8,,,reviewed,ak,ak
2008-08-07T07:24:14.270Z,52.1,-175.46,4.8,3,ml,6,187.4,,,us,usp000ge1g,2019-02-13T09:41:53.930Z,"Andreanof Islands, Aleutian Islands, Alaska",earthquake,,,,,reviewed,aeic,aeic
2008-08-07T07:20:17.192Z,52.1,-175.4603,8.3,3.1,ml,,,,0.53,ak,ak008a3yipiv,2019-02-13T09:43:33.527Z,"Andreanof Islands, Aleutian Islands, Alaska",earthquake,,0.2,,,reviewed,ak,ak
2008-08-07T07:17:25.946Z,52.1398,-175.4759,7.2,2.8,ml,,,,0.7,ak,ak008a3yi31u,2019-02-13T09:43:33.149Z,"Andreanof Islands, Aleutian Islands, Alaska",earthquake,,1.1,,,reviewed,ak,ak
2008-08-07T07:16:39.173Z,52.0774,-175.4441,4.9,3.3,ml,,,,0.74,ak,ak008a3yhwct,2019-02-13T09:41:53.487Z,"Andreanof Islands, Aleutian Islands, Alaska",earthquake,,0.4,,,reviewed,ak,ak
2008-08-07T07:00:18.689Z,52.1154,-175.4788,13.1,2.7,ml,,,,0.66,ak,ak008a3yefbg,2019-02-13T09:43:32.767Z,"Andreanof Islands, Aleutian Islands, Alaska",earthquake,,0.4,,,reviewed,ak,ak
2008-08-07T06:58:40.630Z,52.1,-175.46,5.2,3,ml,5,172.5,,,us,usp000ge1f,2019-02-28T20:02:35.809Z,"Andreanof Islands, Aleutian Islands, Alaska",earthquake,,,,,reviewed,aeic,aeic
2008-08-07T06:47:49.537Z,52.0989,-175.4638,4.8,2.5,ml,,,,0.79,ak,ak008a3y34qx,2019-02-13T09:41:51.004Z,"Andreanof Islands, Aleutian Islands, Alaska",earthquake,,0.3,,,reviewed,ak,ak
2008-08-07T06:42:13.927Z,52.0999,-175.4601,4.9,3,ml,,,,0.61,ak,ak008a3y1zf4,2019-02-13T09:41:50.101Z,"Andreanof Islands, Aleutian Islands, Alaska",earthquake,,0.3,,,reviewed,ak,ak
2008-08-07T06:33:38.825Z,52.1,-175.4601,4.9,2.8,ml,,,,0.69,ak,ak008a3y03wa,2019-02-13T09:41:49.181Z,"Andreanof Islands, Aleutian Islands, Alaska",earthquake,,0.3,,,reviewed,ak,ak
2008-08-07T06:24:51.287Z,52.0652,-175.4648,22.2,2.6,ml,,,,0.52,ak,ak008a3xy7ew,2019-02-13T09:43:30.139Z,"Andreanof Islands, Aleutian Islands, Alaska",earthquake,,2.1,,,reviewed,ak,ak
2008-08-07T06:24:31.119Z,52.1036,-175.4607,6.6,2.5,ml,,,,0.68,ak,ak008a3xy5uv,2019-02-13T09:41:47.834Z,"Andreanof Islands, Aleutian Islands, Alaska",earthquake,,1.2,,,reviewed,ak,ak
2008-08-07T06:23:06.877Z,52.1277,-175.4504,6.9,2.6,ml,,,,0.55,ak,ak008a3xxw9r,2019-02-13T09:43:30.528Z,"Andreanof Islands, Aleutian Islands, Alaska",earthquake,,0.3,,,reviewed,ak,ak
2008-08-07T06:17:32.236Z,52.1108,-175.458,5.1,2.6,ml,,,,0.81,ak,ak008a3xwnxj,2019-02-13T09:41:47.383Z,"Andreanof Islands, Aleutian Islands, Alaska",earthquake,,0.5,,,reviewed,ak,ak
2008-08-07T06:01:08.930Z,52.086,-175.448,5,4.4,ml,21,169.7,,,us,usp000ge1b,2019-02-13T09:41:45.537Z,"Andreanof Islands, Aleutian Islands, Alaska",earthquake,,,,,reviewed,aeic,pmr
2008-08-07T05:52:58.670Z,52.1,-175.461,5.1,3.5,ml,10,168.5,,,us,usp000ge1a,2019-02-13T09:41:44.778Z,"Andreanof Islands, Aleutian Islands, Alaska",earthquake,,,,,reviewed,aeic,aeic
2008-08-07T05:50:38.780Z,51.9712,-175.4835,8,3.1,ml,,,,0.32,ak,ak008a3xibgm,2019-02-13T09:43:29.341Z,"Andreanof Islands, Aleutian Islands, Alaska",earthquake,,4.6,,,reviewed,ak,ak
2008-08-07T05:48:56.640Z,52.181,-175.533,10,4.4,mb,64,136.8,,1.2,us,usp000ge19,2019-02-13T09:41:43.965Z,"Andreanof Islands, Aleutian Islands, Alaska",earthquake,,,,35,reviewed,us,us
2008-08-07T05:29:07.602Z,52.1254,-175.4623,6,3,ml,,,,0.68,ak,ak008a3xdr0o,2019-02-13T09:41:42.819Z,"Andreanof Islands, Aleutian Islands, Alaska",earthquake,,0.9,,,reviewed,ak,ak
2008-08-07T05:26:46.670Z,52.1,-175.46,6.2,4.4,mb,29,165.4,,,us,usp000ge16,2019-02-13T09:41:42.391Z,"Andreanof Islands, Aleutian Islands, Alaska",earthquake,,,,6,reviewed,aeic,us
2008-08-07T05:12:34.874Z,52.1008,-175.466,4.8,2.7,ml,,,,0.86,ak,ak008a3xa5y7,2019-02-13T09:41:41.302Z,"Andreanof Islands, Aleutian Islands, Alaska",earthquake,,0.2,,,reviewed,ak,ak
2008-08-07T05:04:16.627Z,52.1005,-175.4562,4.8,3,ml,,,,0.83,ak,ak008a3x8eta,2019-02-13T09:41:40.501Z,"Andreanof Islands, Aleutian Islands, Alaska",earthquake,,0.2,,,reviewed,ak,ak
2008-08-07T04:58:51.026Z,52.0295,-175.441,4.7,2.5,ml,,,,0.84,ak,ak008a3wymj2,2019-02-13T09:41:39.289Z,"Andreanof Islands, Aleutian Islands, Alaska",earthquake,,0.5,,,reviewed,ak,ak
2008-08-07T04:44:24.261Z,52.0986,-175.4423,4.7,2.5,ml,,,,0.85,ak,ak008a3wvkfu,2019-02-13T09:41:38.136Z,"Andreanof Islands, Aleutian Islands, Alaska",earthquake,,0.6,,,reviewed,ak,ak
2008-08-07T04:33:52.960Z,52.084,-175.445,4.7,4.1,ml,12,139.3,,,us,usp000ge15,2019-02-13T09:41:37.691Z,"Andreanof Islands, Aleutian Islands, Alaska",earthquake,,,,,reviewed,aeic,pmr
2008-08-07T04:20:59.340Z,52.093,-175.446,4.8,3.4,ml,10,169.2,,,us,usp000ge14,2019-02-13T09:41:36.748Z,"Andreanof Islands, Aleutian Islands, Alaska",earthquake,,,,,reviewed,aeic,aeic
2008-08-07T04:13:28.630Z,52.1,-175.455,4,3.6,ml,12,139.2,,,us,usp000ge13,2019-02-13T09:41:36.297Z,"Andreanof Islands, Aleutian Islands, Alaska",earthquake,,,,,reviewed,aeic,aeic
2008-08-07T03:54:53.081Z,52.0154,-175.4411,3.3,2.6,ml,,,,0.76,ak,ak008a3wcc7w,2019-02-13T09:41:35.431Z,"Andreanof Islands, Aleutian Islands, Alaska",earthquake,,0.9,,,reviewed,ak,ak
2008-08-07T03:51:05.879Z,52.0875,-175.4487,4.8,2.8,ml,,,,0.76,ak,ak008a3wblff,2019-02-13T09:43:25.188Z,"Andreanof Islands, Aleutian Islands, Alaska",earthquake,,0.1,,,reviewed,ak,ak
2008-08-07T03:38:15.125Z,52.0492,-175.4861,4.8,2.6,ml,,,,0.62,ak,ak008a3w8tu0,2019-02-13T09:41:34.692Z,"Andreanof Islands, Aleutian Islands, Alaska",earthquake,,0.3,,,reviewed,ak,ak
2008-08-07T03:32:24.428Z,52.0999,-175.4759,4.8,2.7,ml,,,,0.64,ak,ak008a3w7k96,2019-02-13T09:41:33.798Z,"Andreanof Islands, Aleutian Islands, Alaska",earthquake,,0.7,,,reviewed,ak,ak
2008-08-07T03:21:24.090Z,52.096,-175.471,2.9,3.5,ml,12,168.7,,,us,usp000ge0x,2019-02-13T09:41:32.867Z,"Andreanof Islands, Aleutian Islands, Alaska",earthquake,,,,,reviewed,aeic,aeic
2008-08-07T03:17:06.867Z,52.1698,-175.5028,13.2,2.5,ml,,,,0.56,ak,ak008a3w4b5q,2019-02-13T09:41:31.969Z,"Andreanof Islands, Aleutian Islands, Alaska",earthquake,,0.7,,,reviewed,ak,ak
2008-08-07T03:15:38.231Z,52.1704,-175.5018,4.8,2.5,ml,,,,0.82,ak,ak008a3w3y5b,2019-02-13T09:41:31.516Z,"Andreanof Islands, Aleutian Islands, Alaska",earthquake,,0.1,,,reviewed,ak,ak
2008-08-07T03:13:24.112Z,52.0497,-175.4188,6.8,2.9,ml,,,,0.71,ak,ak008a3w3hmj,2019-02-13T09:43:22.209Z,"Andreanof Islands, Aleutian Islands, Alaska",earthquake,,2.6,,,reviewed,ak,ak
2008-08-07T03:12:27.385Z,52.0811,-175.4217,4.8,2.7,ml,,,,0.59,ak,ak008a3w3a5u,2019-02-28T20:02:34.188Z,"Andreanof Islands, Aleutian Islands, Alaska",earthquake,,0.8,,,reviewed,ak,ak
2008-08-07T03:00:53.285Z,52.1466,-175.4771,6.7,2.6,ml,,,,0.46,ak,ak008a3w0rkg,2019-02-13T09:43:21.426Z,"Andreanof Islands, Aleutian Islands, Alaska",earthquake,,0.2,,,reviewed,ak,ak
2008-08-07T02:54:09.760Z,52.156,-175.472,6.4,4.2,mb,30,91.7,,,us,usp000ge0u,2019-02-13T09:41:29.128Z,"Andreanof Islands, Aleutian Islands, Alaska",earthquake,,,,9,reviewed,aeic,us
2008-08-07T02:51:17.806Z,52.0947,-175.479,6.1,2.5,ml,,,,0.65,ak,ak008a3vq6qs,2019-02-13T09:41:30.284Z,"Andreanof Islands, Aleutian Islands, Alaska",earthquake,,0.7,,,reviewed,ak,ak
2008-08-07T02:31:39.148Z,52.167,-175.4869,9.2,2.9,ml,,,,0.47,ak,ak008a3vly2i,2019-02-13T09:41:27.613Z,"Andreanof Islands, Aleutian Islands, Alaska",earthquake,,0.3,,,reviewed,ak,ak
2008-08-07T02:31:25.046Z,52.1457,-175.4343,4.8,2.7,ml,,,,0.84,ak,ak008a3vlwzc,2019-02-13T09:43:19.106Z,"Andreanof Islands, Aleutian Islands, Alaska",earthquake,,2.3,,,reviewed,ak,ak
2008-08-07T02:21:48.609Z,52.0898,-175.4538,4.8,2.5,ml,,,,0.71,ak,ak008a3vjtn0,2019-02-13T09:43:18.026Z,"Andreanof Islands, Aleutian Islands, Alaska",earthquake,,0.1,,,reviewed,ak,ak
2008-08-07T02:18:07.450Z,52.105,-175.459,4.4,4.1,ml,6,177.1,,,us,usp000ge0p,2019-02-13T09:41:27.191Z,"Andreanof Islands, Aleutian Islands, Alaska",earthquake,,,,,reviewed,aeic,pmr
2008-08-07T02:07:50.680Z,52.0995,-175.4844,4.3,2.7,ml,,,,0.74,ak,ak008a3vgtrw,2019-02-13T09:41:26.787Z,"Andreanof Islands, Aleutian Islands, Alaska",earthquake,,1.8,,,reviewed,ak,ak
2008-08-07T02:01:16.567Z,52.093,-175.4771,5,2.6,ml,,,,0.78,ak,ak008a3vfgug,2019-02-13T09:43:16.885Z,"Andreanof Islands, Aleutian Islands, Alaska",earthquake,,0.7,,,reviewed,ak,ak
2008-08-07T02:00:25.618Z,52.1265,-175.4621,5.2,3,ml,,,,0.44,ak,ak008a3vf9tt,2019-02-13T09:41:26.379Z,"Andreanof Islands, Aleutian Islands, Alaska",earthquake,,1.1,,,reviewed,ak,ak
2008-08-07T01:50:41.534Z,52.105,-175.475,4.7,3,ml,,,,0.52,ak,ak008a3v4l95,2019-02-13T09:41:25.166Z,"Andreanof Islands, Aleutian Islands, Alaska",earthquake,,0.9,,,reviewed,ak,ak
2008-08-07T01:23:20.250Z,52.179,-175.472,14.3,3.6,ml,9,169.3,,,us,usp000ge0m,2019-02-13T09:41:24.348Z,"Andreanof Islands, Aleutian Islands, Alaska",earthquake,,,,,reviewed,aeic,aeic
2008-08-07T01:22:07.098Z,52.0682,-175.4314,4.5,2.7,ml,,,,0.61,ak,ak008a3uyijp,2019-02-13T09:41:23.927Z,"Andreanof Islands, Aleutian Islands, Alaska",earthquake,,0.2,,,reviewed,ak,ak
2008-08-07T01:14:29.822Z,52.1215,-175.4478,6.7,3.3,ml,,,,0.61,ak,ak008a3uwukm,2019-02-13T09:43:15.008Z,"Andreanof Islands, Aleutian Islands, Alaska",earthquake,,0.3,,,reviewed,ak,ak
2008-08-07T01:08:14.347Z,52.1101,-175.4609,4.7,2.6,ml,,,,0.59,ak,ak008a3uvj2y,2019-02-13T09:41:22.681Z,"Andreanof Islands, Aleutian Islands, Alaska",earthquake,,1.8,,,reviewed,ak,ak
2008-08-07T00:45:45.425Z,52.0831,-175.4746,2.5,2.5,ml,,,,0.93,ak,ak008a3ui3da,2019-02-13T09:41:21.094Z,"Andreanof Islands, Aleutian Islands, Alaska",earthquake,,2,,,reviewed,ak,ak
2008-08-07T00:18:00.619Z,52.0336,-175.4151,4.2,3,ml,,,,0.5,ak,ak008a3uc7kt,2019-02-13T09:43:12.273Z,"Andreanof Islands, Aleutian Islands, Alaska",earthquake,,0.1,,,reviewed,ak,ak
2008-08-07T00:10:57.120Z,52.151,-175.508,7.8,3,ml,7,235.2,,,us,usp000ge0d,2019-02-13T09:43:11.858Z,"Andreanof Islands, Aleutian Islands, Alaska",earthquake,,,,,reviewed,aeic,aeic
2008-08-07T00:10:38.592Z,52.0017,-175.4433,5.3,3,ml,,,,0.89,ak,ak008a3uaks3,2019-02-13T09:43:11.446Z,"Andreanof Islands, Aleutian Islands, Alaska",earthquake,,1,,,reviewed,ak,ak
2008-08-06T23:43:40.499Z,52.1181,-175.4767,5.1,2.5,ml,,,,0.51,ak,ak008a2kn9z5,2019-02-13T09:50:57.093Z,"Andreanof Islands, Aleutian Islands, Alaska",earthquake,,0.1,,,reviewed,ak,ak
2008-08-06T23:37:40.160Z,52.114,-175.459,4.9,3.6,ml,17,139.2,,,us,usp000ge09,2019-02-13T09:50:56.650Z,"Andreanof Islands, Aleutian Islands, Alaska",earthquake,,,,,reviewed,aeic,aeic
2008-08-06T23:33:21.899Z,52.0734,-175.4682,13.2,2.9,ml,,,,0.64,ak,ak008a2kl3dp,2019-02-13T09:51:23.236Z,"Andreanof Islands, Aleutian Islands, Alaska",earthquake,,0.5,,,reviewed,ak,ak
2008-08-06T23:32:40.381Z,52.1011,-175.4609,4.8,2.7,ml,,,,0.72,ak,ak008a2kkx3a,2019-02-13T09:51:22.808Z,"Andreanof Islands, Aleutian Islands, Alaska",earthquake,,1.8,,,reviewed,ak,ak
2008-08-06T23:31:09.356Z,52.1614,-175.4546,4.8,3,ml,,,,0.77,ak,ak008a2kkmzb,2019-02-13T09:50:55.835Z,"Andreanof Islands, Aleutian Islands, Alaska",earthquake,,0,,,reviewed,ak,ak
2008-08-06T23:20:55.432Z,52.1348,-175.4761,4.8,2.8,ml,,,,0.8,ak,ak008a2kidnr,2019-02-13T09:50:54.599Z,"Andreanof Islands, Aleutian Islands, Alaska",earthquake,,0.6,,,reviewed,ak,ak
2008-08-06T23:12:34.022Z,52.1016,-175.4535,4.7,2.6,ml,,,,0.68,ak,ak008a2kgma2,2019-02-13T09:50:54.165Z,"Andreanof Islands, Aleutian Islands, Alaska",earthquake,,0,,,reviewed,ak,ak
2008-08-06T22:50:44.979Z,52.1553,-175.4726,2.2,3.1,ml,,,,0.52,ak,ak008a2k3cq9,2019-02-13T09:50:51.608Z,"Andreanof Islands, Aleutian Islands, Alaska",earthquake,,0.2,,,reviewed,ak,ak
2008-08-06T22:32:19.228Z,52.0525,-175.4352,1.9,3,ml,,,,0.8,ak,ak008a2jzfuq,2019-02-13T09:50:49.873Z,"Andreanof Islands, Aleutian Islands, Alaska",earthquake,,1.2,,,reviewed,ak,ak
2008-08-06T22:13:28.612Z,52.1109,-175.4976,5.7,2.5,ml,,,,0.7,ak,ak008a2jvdz1,2019-02-13T09:50:48.627Z,"Andreanof Islands, Aleutian Islands, Alaska",earthquake,,0.1,,,reviewed,ak,ak
2008-08-06T21:45:28.317Z,52.072,-175.4454,4.8,2.8,ml,,,,0.68,ak,ak008a2jgt9b,2019-02-13T09:50:46.774Z,"Andreanof Islands, Aleutian Islands, Alaska",earthquake,,0.2,,,reviewed,ak,ak
2008-08-06T21:12:27.391Z,52.0816,-175.451,4.8,2.7,ml,,,,0.77,ak,ak008a2j9qk3,2019-02-13T09:51:19.551Z,"Andreanof Islands, Aleutian Islands, Alaska",earthquake,,1.3,,,reviewed,ak,ak
2008-08-06T19:49:29.618Z,52.141,-175.4894,6.9,2.9,ml,,,,0.61,ak,ak008a2iat0h,2019-02-13T09:50:42.523Z,"Andreanof Islands, Aleutian Islands, Alaska",earthquake,,1,,,reviewed,ak,ak
2008-08-06T19:48:57.415Z,52.0908,-175.4742,4.9,2.6,ml,,,,0.67,ak,ak008a2ianfx,2019-02-13T09:50:41.788Z,"Andreanof Islands, Aleutian Islands, Alaska",earthquake,,0,,,reviewed,ak,ak
2008-08-06T18:58:09.149Z,52.0972,-175.4733,4.8,2.6,ml,,,,0.47,ak,ak008a2hr99u,2019-02-13T09:50:40.188Z,"Andreanof Islands, Aleutian Islands, Alaska",earthquake,,0.7,,,reviewed,ak,ak
2008-07-27T17:15:48.808Z,52.0746,-175.4931,6.6,2.7,ml,,,,0.58,ak,ak0089lxj800,2019-02-13T09:37:48.853Z,"Andreanof Islands, Aleutian Islands, Alaska",earthquake,,1,,,reviewed,ak,ak
2008-07-12T03:34:49.542Z,52.0848,-175.5295,4.9,2.8,ml,,,,0.6,ak,ak0088ww90sa,2019-02-13T09:30:55.003Z,"Andreanof Islands, Aleutian Islands, Alaska",earthquake,,0.9,,,reviewed,ak,ak
2008-07-11T08:59:39.114Z,52.4195,-175.9234,216.1,2.5,ml,,,,0.6,ak,ak0088vbu6ev,2019-02-13T09:30:28.948Z,"Andreanof Islands, Aleutian Islands, Alaska",earthquake,,1.3,,,reviewed,ak,ak
2008-06-28T03:38:50.206Z,52.0551,-175.9468,88.9,2.5,ml,,,,0.25,ak,ak00889qr0sc,2019-02-13T09:25:12.504Z,"Andreanof Islands, Aleutian Islands, Alaska",earthquake,,0.7,,,reviewed,ak,ak
2008-06-05T11:35:07.470Z,52.046,-175.022,88.7,4.3,mb,72,137.3,,0.93,us,usp000g8mp,2019-02-13T09:16:42.815Z,"Andreanof Islands, Aleutian Islands, Alaska",earthquake,,4.4,,35,reviewed,us,us
